[
{"action":{"type":"block"},"condition":{"regexFilter":"^https?:\\/\\/.*\\/easylist\\/[0-9]{5}"},"id":1,"priority":10},
{"action":{"type":"block"},"condition":{"initiatorDomains":["dev.miuiflash.com","djxmaza.in","jytechs.in","thecubexguide.com"],"regexFilter":"devfiles.pages.dev\\/img\\/[a-zA-Z0-9]{8,}.jpeg"},"id":2,"priority":10},
{"action":{"type":"block"},"condition":{"regexFilter":"(https?:\\/\\/)104\\.154\\..{100,}"},"id":3,"priority":10},
{"action":{"type":"block"},"condition":{"regexFilter":"(https?:\\/\\/)104\\.197\\..{100,}"},"id":4,"priority":10},
{"action":{"type":"block"},"condition":{"regexFilter":"(https?:\\/\\/)104\\.198\\..{100,}"},"id":5,"priority":10},
{"action":{"type":"block"},"condition":{"regexFilter":"(https?:\\/\\/)130\\.211\\..{100,}"},"id":6,"priority":10},
{"action":{"type":"block"},"condition":{"regexFilter":"(https?:\\/\\/)142\\.91\\.159\\..{100,}"},"id":7,"priority":10},
{"action":{"type":"block"},"condition":{"regexFilter":"(https?:\\/\\/)213\\.32\\.115\\..{100,}"},"id":8,"priority":10},
{"action":{"type":"block"},"condition":{"regexFilter":"(https?:\\/\\/)216\\.21\\..{100,}"},"id":9,"priority":10},
{"action":{"type":"block"},"condition":{"regexFilter":"(https?:\\/\\/)217\\.182\\.11\\..{100,}"},"id":10,"priority":10},
{"action":{"type":"block"},"condition":{"regexFilter":"(https?:\\/\\/)51\\.195\\.31\\..{100,}"},"id":11,"priority":10},
{"action":{"type":"block"},"condition":{"initiatorDomains":["1337x.to","cryptobriefing.com","eztv.io","eztv.tf","eztv.yt","fmovies.taxi","fmovies.world","limetorrents.info","megaup.net","newser.com","sendit.cloud","tapelovesads.org","torlock.com","uiz.io","userscloud.com","vev.red","vidup.io","yourbittorrent2.com"],"regexFilter":"^https?:\\/\\/.*bit(ly)?\\.(com|ly)\\/"},"id":12,"priority":10},
{"action":{"type":"block"},"condition":{"excludedResourceTypes":["main_frame","media"],"initiatorDomains":["1vag.com","4tube.com","asianpornmovies.com","getsex.xxx","glam0ur.com","hclips.com","hdzog.com","homemadevids.org","hotmovs.com","justthegays.com","milfzr.com","porn555.com","pornforrelax.com","pornj.com","pornl.com","puporn.com","see.xxx","shemalez.com","sss.xxx","streanplay.cc","thegay.com","thegay.porn","tits-guru.com","tubepornclassic.com","tuberel.com","txxx.com","txxx.tube","upornia.com","vjav.com","voyeurhit.com","xozilla.com"],"regexFilter":"^https?:\\/\\/.*\\.(club|news|live|online|store|tech|guru|cloud|bid|xyz|site|pro|info|online|icu|monster|buzz|fun|website|photos|re|casa|top|today|space|network|live|work|systems|ml|world|life)\\/.*"},"id":13,"priority":10},
{"action":{"type":"block"},"condition":{"regexFilter":"^https:\\/\\/([a-z]+\\.)?sythe\\.org\\/[\\w\\W]{30,}","resourceTypes":["image"]},"id":14,"priority":10},
{"action":{"type":"block"},"condition":{"initiatorDomains":["ipatriot.com"],"regexFilter":"^https?:\\/\\/(.+?\\.)?ipatriot\\.com[\\/]{1,}.*[a-zA-Z0-9]{9,}\\/[a-zA-Z0-9]{6,}\\/.*","resourceTypes":["image"]},"id":15,"priority":10},
{"action":{"type":"block"},"condition":{"initiatorDomains":["letocard.fr"],"regexFilter":"^https?:\\/\\/(.+?\\.)?letocard\\.fr[\\/]{1,}.*[a-zA-Z0-9]{3,7}\\/[a-zA-Z0-9]{6,}\\/.*","resourceTypes":["image"]},"id":16,"priority":10},
{"action":{"type":"block"},"condition":{"initiatorDomains":["letocard.fr"],"regexFilter":"^https?:\\/\\/(.+?\\.)?letocard\\.fr\\/[a-zA-Z0-9]{3,7}\\/[a-zA-Z0-9]{6,}\\/.*","resourceTypes":["image"]},"id":17,"priority":10},
{"action":{"type":"block"},"condition":{"initiatorDomains":["lovezin.fr"],"regexFilter":"^https?:\\/\\/(.+?\\.)?lovezin\\.fr[\\/]{1,}.*[a-zA-Z0-9]{7,9}\\/[a-zA-Z0-9]{10,}\\/.*","resourceTypes":["image"]},"id":18,"priority":10},
{"action":{"type":"block"},"condition":{"initiatorDomains":["naturalblaze.com"],"regexFilter":"^https?:\\/\\/(.+?\\.)?naturalblaze\\.com\\/wp-content\\/uploads\\/.*[a-zA-Z0-9]{14,}\\.*","resourceTypes":["image"]},"id":19,"priority":10},
{"action":{"type":"block"},"condition":{"initiatorDomains":["newser.com"],"regexFilter":"^https?:\\/\\/(.+?\\.)?newser\\.com[\\/]{1,}.*[a-zA-Z0-9]{3,7}\\/[a-zA-Z0-9]{6,}\\/.*","resourceTypes":["image"]},"id":20,"priority":10},
{"action":{"type":"block"},"condition":{"initiatorDomains":["rightwingnews.com"],"regexFilter":"^https?:\\/\\/(.+?\\.)?rightwingnews\\.com[\\/]{1,9}.*[a-zA-Z0-9]{8,}\\/[a-zA-Z0-9]{6,}\\/.*","resourceTypes":["image"]},"id":21,"priority":10},
{"action":{"type":"block"},"condition":{"initiatorDomains":["topminceur.fr"],"regexFilter":"^https?:\\/\\/(.+?\\.)?topminceur\\.fr\\/[a-zA-Z0-9]{6,}\\/[a-zA-Z0-9]{3,}\\/.*","resourceTypes":["image"]},"id":22,"priority":10},
{"action":{"type":"block"},"condition":{"initiatorDomains":["vitamiiin.com"],"regexFilter":"^https?:\\/\\/(.+?\\.)?vitamiiin\\.com\\/[\\/][\\/a-zA-Z0-9]{3,}\\/[a-zA-Z0-9]{6,}\\/.*","resourceTypes":["image"]},"id":23,"priority":10},
{"action":{"type":"block"},"condition":{"initiatorDomains":["writerscafe.org"],"regexFilter":"^https?:\\/\\/(.+?\\.)?writerscafe\\.org[\\/]{1,}.*[a-zA-Z0-9]{3,7}\\/[a-zA-Z0-9]{6,}\\/.*","resourceTypes":["image"]},"id":24,"priority":10},
{"action":{"type":"block"},"condition":{"initiatorDomains":["allthingsvegas.com","aupetitparieur.com","beforeitsnews.com","canadafreepress.com","concomber.com","conservativefiringline.com","dailylol.com","ipatriot.com","mamieastuce.com","meilleurpronostic.fr","miaminewtimes.com","naturalblaze.com","patriotnationpress.com","populistpress.com","thegatewaypundit.com","thelibertydaily.com","toptenz.net","vitamiiin.com","westword.com","wltreport.com","writerscafe.org"],"regexFilter":"^https?:\\/\\/.*\\.(com|net|org|fr)\\/[A-Za-z0-9]{1,}\\/[A-Za-z0-9]{1,}\\/[A-Za-z0-9]{2,}\\/.*","resourceTypes":["image"]},"id":25,"priority":10},
{"action":{"type":"block"},"condition":{"initiatorDomains":["555.porn","abjav.com","abxxx.com","aniporn.com","asiantv.fun","bdsmx.tube","bigdick.tube","blackporn.tube","gaytxxx.com","hclips.com","imzog.com","in-porn.com","inporn.com","javdaddy.com","mrgay.tube","onlyporn.tube","porn555.com","pornclassic.tube","pornforrelax.com","porngo.tube","pornhits.com","pornj.com","pornl.com","pornq.com","porntop.com","pornzog.com","privatehomeclips.com","puporn.com","see.xxx","senzuri.tube","sextu.com","shemalez.com","sss.xxx","teenorgy.video","transtxxx.com","tubepornclassic.com","tuberel.com","txxxporn.tube","vxxx.com","xjav.tube","xmilf.com"],"regexFilter":"\\.[a-z]{3,5}\\/[0-9a-z]{8,12}\\/[0-9a-z]{8,12}\\.js$","resourceTypes":["script"]},"id":26,"priority":10},
{"action":{"type":"block"},"condition":{"regexFilter":"\\/t\\/[0-9]{3}\\/[0-9]{3}\\/a[0-9]{4,9}\\.js$","resourceTypes":["script"]},"id":27,"priority":10},
{"action":{"type":"block"},"condition":{"initiatorDomains":["embedflix.online","koyso.com","methstreams.com","nepu.to"],"regexFilter":"\\/z-[a-z0-9]{7,10}(\\.js)?$","resourceTypes":["script"]},"id":28,"priority":10},
{"action":{"type":"block"},"condition":{"regexFilter":"^https:\\/\\/[a-z]{8}\\.(?:cfd|pro|xyz)\\/\\?params=aD[01][a-zA-Z0-9]{43}Z1c2VyPT[a-zA-Z0-9]{40}","requestDomains":["cfd","pro","xyz"],"resourceTypes":["main_frame","script"]},"id":29,"priority":10},
{"action":{"type":"block"},"condition":{"initiatorDomains":["gamatotv.info","gmtcloud.best"],"regexFilter":"\\bgamatotv\\.info\\/[a-z0-9]{32}\\.js\\b","resourceTypes":["script"]},"id":30,"priority":10},
{"action":{"type":"block"},"condition":{"initiatorDomains":["1337x.to","clickndownload.click","clicknupload.click","cloudvideo.tv","downloadpirate.com","fmovies.taxi","fmovies.world","igg-games.com","indishare.org","linksly.co","megaup.net","mixdrop.ag","mp3-convert.org","nutritioninsight.com","ouo.press","pcgamestorrents.com","pcgamestorrents.org","powvideo.net","powvldeo.cc","primewire.sc","proxyer.org","sendit.cloud","sendspace.com","shrinke.me","shrinkhere.xyz","theproxy.ws","uiz.io","up-load.io","uploadever.com","uploadrar.com","uploadrive.com","uplovd.com","upstream.to","userscloud.com","vidoza.co","vidoza.net","vidup.io","vumoo.life","xtits.com","yourbittorrent2.com","ziperto.com"],"regexFilter":"^https?:\\/\\/.*\\/.*(sw[0-9a-z._-]{1,6}|\\.notify\\.).*","resourceTypes":["script"]},"id":31,"priority":10},
{"action":{"type":"block"},"condition":{"initiatorDomains":["1vag.com","4tube.com","adult-channels.com","analdin.com","biguz.net","bogrodius.com","chikiporn.com","fantasti.cc","fuqer.com","fux.com","hclips.com","heavy-r.com","hog.tv","megapornx.com","milfzr.com","mypornhere.com","porn555.com","pornchimp.com","pornerbros.com","pornj.com","pornl.com","pornototale.com","porntube.com","sexu.com","sss.xxx","thisav.com","titkino.net","tubepornclassic.com","tuberel.com","tubev.sex","txxx.com","vidmo.org","vpornvideos.com","xozilla.com","youporn.lc","youpornhub.it","yourdailypornstars.com"],"regexFilter":"^https?:\\/\\/.*\\/.*sw[0-9._].*","resourceTypes":["script","xmlhttprequest"]},"id":32,"priority":10},
{"action":{"type":"block"},"condition":{"initiatorDomains":["3movs.com","4kporn.xxx","4tube.com","alotporn.com","alphaporno.com","alrincon.com","amateur8.com","anyporn.com","badjojo.com","bdsmstreak.com","bestfreetube.xxx","bigtitslust.com","bravotube.net","cockmeter.com","crazyporn.xxx","daftporn.com","ebony8.com","erome.com","exoav.com","fantasti.cc","fapality.com","fapnado.com","fetishshrine.com","freeporn8.com","gfsvideos.com","gotporn.com","hdporn24.org","hdpornmax.com","hdtube.porn","hellporno.com","hentai2w.com","hottorrent.org","hqsextube.xxx","hqtube.xxx","iceporn.com","imgderviches.work","imx.to","its.porn","katestube.com","lesbian8.com","love4porn.com","lustypuppy.com","manga18fx.com","manhwa18.cc","maturetubehere.com","megatube.xxx","milffox.com","momxxxfun.com","openloadporn.co","orsm.net","pervclips.com","porn-plus.com","porndr.com","pornicom.com","pornid.xxx","pornotrack.net","pornrabbit.com","pornwatchers.com","pornwhite.com","pussy.org","redhdtube.xxx","rule34.art","rule34pornvids.com","runporn.com","sexvid.porn","sexvid.pro","sexvid.xxx","sexytorrents.info","shameless.com","sleazyneasy.com","sortporn.com","stepmom.one","stileproject.com","str8ongay.com","tnaflix.com","urgayporn.com","vikiporn.com","wankoz.com","xbabe.com","xcafe.com","xhqxmovies.com","xxx-torrent.net","xxxdessert.com","xxxextreme.org","xxxonxxx.com","yourlust.com","youx.xxx","zbporn.com","zbporn.tv"],"regexFilter":"^https?:\\/\\/.*\\/[a-z0-9A-Z_]{2,15}\\.(php|jx|jsx|1ph|jsf|jz|jsm|j$)","resourceTypes":["script","sub_frame"]},"id":33,"priority":10},
{"action":{"type":"block"},"condition":{"initiatorDomains":["eporner.com"],"regexFilter":"^https?:\\/\\/.*\\.eporner\\.com\\/[0-9a-f]{10,}\\/$","resourceTypes":["script"]},"id":34,"priority":10},
{"action":{"type":"block"},"condition":{"initiatorDomains":["kleinanzeigen.de"],"regexFilter":"^https?:\\/\\/fdts\\.ebay-kleinanzeigen\\.de\\/[a-z0-9]{13,18}\\.js\\?","resourceTypes":["script"]},"id":35,"priority":10},
{"action":{"type":"block"},"condition":{"initiatorDomains":["spectrum.net"],"regexFilter":"^https?:\\/\\/pov\\.spectrum\\.net\\/[a-zA-Z0-9]{14,}\\.js","resourceTypes":["script"]},"id":36,"priority":10},
{"action":{"type":"block"},"condition":{"initiatorDomains":["tjx.com"],"regexFilter":"^https?:\\/\\/tjmaxx\\.tjx\\.com\\/libraries\\/[a-z0-9]{20,}","resourceTypes":["script","xmlhttprequest"]},"id":37,"priority":10},
{"action":{"type":"block"},"condition":{"initiatorDomains":["mbna.ca","td.com","tdbank.com"],"regexFilter":"^https?:\\/\\/tmx\\.(td|tdbank)\\.com\\/[a-z0-9]{14,18}\\.js.*","resourceTypes":["script"]},"id":38,"priority":10},
{"action":{"type":"block"},"condition":{"initiatorDomains":["kleinanzeigen.de"],"regexFilter":"^https?:\\/\\/www\\.ebay-kleinanzeigen\\.de\\/[a-z0-9]{8}\\-[0-9a-f]{4}\\-","resourceTypes":["script"]},"id":39,"priority":10},
{"action":{"type":"block"},"condition":{"initiatorDomains":["kroger.com"],"regexFilter":"^https?:\\/\\/www\\.kroger\\.com\\/content\\/{20,}","resourceTypes":["script","xmlhttprequest"]},"id":40,"priority":10},
{"action":{"type":"block"},"condition":{"initiatorDomains":["chatgpt.com","openai.com"],"regexFilter":"^https?:\\/\\/chatgpt\\.com\\/ces\\/v1\\/[a-z]$","requestMethods":["post"],"resourceTypes":["xmlhttprequest"]},"id":41,"priority":10},
{"action":{"type":"block"},"condition":{"regexFilter":"^https?:\\/\\/(?:ak\\.)?[a-z]{6,15}\\.(?:com|net)\\/4\\/\\d{7}","resourceTypes":["main_frame","sub_frame"]},"id":42,"priority":10},
{"action":{"type":"block"},"condition":{"isUrlFilterCaseSensitive":true,"regexFilter":"^https?:\\/\\/[0-9a-z]*\\.?[-0-9a-z]{3,}\\.[a-z]{2,11}\\.?[a-z]{0,7}\\/(?:[0-9a-z]{6,10}\\/)?\\/?(?:article\\d{4}\\.doc)?\\?(?:cid=[0-9a-z]+&)?u=[0-9a-z]{7}(?:&t=\\d+)?&o=[0-9a-z]{7}","resourceTypes":["main_frame","sub_frame"]},"id":43,"priority":10},
{"action":{"type":"block"},"condition":{"isUrlFilterCaseSensitive":true,"regexFilter":"^https?:\\/\\/[0-9a-z]*\\.?[-0-9a-z]{3,}\\.[a-z]{2,11}\\.?[a-z]{0,7}\\/(?:[0-9a-z]{6,10}\\/)?\\/?(?:article\\d{4}\\.doc)?\\?(?:cid=[0-9a-z]+&)?o=[0-9a-z]{7}(?:&t=\\d+)?&u=[0-9a-z]{7}","resourceTypes":["main_frame","sub_frame"]},"id":44,"priority":10},
{"action":{"type":"block"},"condition":{"regexFilter":"\\/[0-9a-z]{8,10}\\?shu=[0-9a-z]{150,}","resourceTypes":["main_frame"]},"id":45,"priority":10},
{"action":{"type":"block"},"condition":{"regexFilter":"\\/(?:[0-9a-z]{7,25}-){9,13}[0-9a-z]{10,15}\\/(?:[0-9a-z]+\\/)+index\\.php","resourceTypes":["main_frame"]},"id":46,"priority":10},
{"action":{"type":"block"},"condition":{"regexFilter":"_dating\\d\\/index\\.html\\?aref=","resourceTypes":["main_frame"]},"id":47,"priority":10},
{"action":{"type":"block"},"condition":{"regexFilter":"\\.com\\/proc\\.php\\?[0-9a-f]{40}$","resourceTypes":["main_frame"]},"id":48,"priority":10},
{"action":{"type":"block"},"condition":{"isUrlFilterCaseSensitive":true,"regexFilter":"^https:\\/\\/[0-9a-z]{3,}\\.[-a-z]{10,}\\.(?:li[fv]e|top|xyz)\\/[a-z]{8}\\/(?:article\\d{4}\\.doc)?\\?utm_campaign=\\w{40,}","requestDomains":["life","live","top","xyz"],"resourceTypes":["main_frame"]},"id":49,"priority":10},
{"action":{"type":"block"},"condition":{"regexFilter":"^https:\\/\\/[a-z]{2,3}\\d\\.biz\\/go\\/[0-9a-z]{15,18}$","requestDomains":["biz"],"resourceTypes":["main_frame"]},"id":50,"priority":10},
{"action":{"type":"block"},"condition":{"regexFilter":"^https:\\/\\/serch\\d{2}\\.biz\\/\\?p=","requestDomains":["biz"],"resourceTypes":["main_frame"]},"id":51,"priority":10},
{"action":{"type":"block"},"condition":{"isUrlFilterCaseSensitive":true,"regexFilter":"^http:\\/\\/[a-z]{5}\\.[a-z]{5}\\.com\\/[a-z]{10}\\.apk$","requestDomains":["com"],"resourceTypes":["main_frame"]},"id":52,"priority":10},
{"action":{"type":"block"},"condition":{"regexFilter":"^https:\\/\\/[a-z]+\\.com\\/away\\.php\\?url=[%0-9A-z]{100,}$","resourceTypes":["main_frame"]},"id":53,"priority":10},
{"action":{"type":"block"},"condition":{"regexFilter":"^https:\\/\\/[0-9a-z]{12,16}\\.azureedge\\.net\\/\\d{4}\\/","resourceTypes":["main_frame"]},"id":54,"priority":10},
{"action":{"type":"block"},"condition":{"isUrlFilterCaseSensitive":true,"regexFilter":"^https:\\/\\/[a-z]{5,7}\\.[0-9a-z]{12}\\.top\\/[0-9a-f]{32}\\/[0-9-a-f]{32}\\/$","requestDomains":["top"],"resourceTypes":["main_frame"]},"id":55,"priority":10},
{"action":{"type":"block"},"condition":{"isUrlFilterCaseSensitive":true,"regexFilter":"\\/[0-9a-f]{32}\\/maq\\/$","requestDomains":["com","top"],"resourceTypes":["main_frame"]},"id":56,"priority":10},
{"action":{"type":"block"},"condition":{"regexFilter":"^https:\\/\\/vietg[a-z]v[0-9]*\\.cc\\/","requestDomains":["cc"],"resourceTypes":["main_frame"]},"id":57,"priority":10},
{"action":{"type":"block"},"condition":{"regexFilter":"^https:\\/\\/[a-z]{40,}\\.pages\\.dev\\/","requestDomains":["pages.dev"],"resourceTypes":["main_frame"]},"id":58,"priority":10},
{"action":{"type":"block"},"condition":{"excludedRequestDomains":["ee.co.uk"],"regexFilter":"^https:\\/\\/ee(?:-[a-z]{5,}){1,2}\\.web\\.app\\/","requestDomains":["web.app"],"resourceTypes":["main_frame"]},"id":59,"priority":10},
{"action":{"type":"block"},"condition":{"excludedRequestDomains":["ee.co.uk"],"regexFilter":"^https:\\/\\/ee(?:-[a-z]{5,}){1,2}\\.firebaseapp\\.com\\/","requestDomains":["firebaseapp.com"],"resourceTypes":["main_frame"]},"id":60,"priority":10},
{"action":{"type":"block"},"condition":{"excludedRequestDomains":["edu","gov","jio.com"],"isUrlFilterCaseSensitive":true,"regexFilter":"\\/recharge\\d?\\.(?:html|php)\\?mobile=\\d{10}\\b","resourceTypes":["main_frame"]},"id":61,"priority":10},
{"action":{"type":"block"},"condition":{"excludedRequestDomains":["edu","gov","jio.com"],"isUrlFilterCaseSensitive":true,"regexFilter":"\\/offer\\.(?:html|php)\\?(?:mobile|rechargenumber)=\\d{10}\\b","resourceTypes":["main_frame"]},"id":62,"priority":10},
{"action":{"type":"block"},"condition":{"excludedRequestDomains":["ourtime.com"],"regexFilter":"^https:\\/\\/ourtime\\.[a-z]+-[a-z]+\\.workers\\.dev\\/","requestDomains":["workers.dev"],"resourceTypes":["main_frame"]},"id":63,"priority":10},
{"action":{"type":"block"},"condition":{"excludedRequestDomains":["booking.com"],"regexFilter":"^https:\\/\\/(?:[a-z]+\\.)?hotel-(?:id)?\\d{3,8}\\.eu\\/","requestDomains":["eu"],"resourceTypes":["main_frame"]},"id":64,"priority":10},
{"action":{"type":"block"},"condition":{"excludedRequestDomains":["booking.com"],"regexFilter":"^https:\\/\\/(?:[a-z]+\\.)?hotel-(?:id)?\\d{3,8}\\.com\\/","requestDomains":["com"],"resourceTypes":["main_frame"]},"id":65,"priority":10},
{"action":{"type":"block"},"condition":{"excludedRequestDomains":["booking.com"],"regexFilter":"^https:\\/\\/hotels-\\d{6}\\.eu\\/","requestDomains":["eu"],"resourceTypes":["main_frame"]},"id":66,"priority":10},
{"action":{"type":"block"},"condition":{"excludedRequestDomains":["booking.com"],"regexFilter":"^https:\\/\\/booking\\.[a-z]{3,}-(?:id)?\\d{3,8}\\.eu\\/","requestDomains":["eu"],"resourceTypes":["main_frame"]},"id":67,"priority":10},
{"action":{"type":"block"},"condition":{"excludedRequestDomains":["booking.com"],"regexFilter":"^https:\\/\\/booking(-[a-z]{3,}){2}\\.(?:baby|lat|lol|xyz)\\/","requestDomains":["baby","lat","lol","xyz"],"resourceTypes":["main_frame"]},"id":68,"priority":10},
{"action":{"type":"block"},"condition":{"regexFilter":"^https?:\\/\\/([a-z]{4,}\\.)?support-\\d{1,2}\\.ru\\/","requestDomains":["ru"],"resourceTypes":["main_frame"]},"id":69,"priority":10},
{"action":{"type":"block"},"condition":{"regexFilter":"^https:\\/\\/allegro[a-z]{2,}\\.shop\\/","requestDomains":["shop"],"resourceTypes":["main_frame"]},"id":70,"priority":10},
{"action":{"type":"block"},"condition":{"regexFilter":"^https:\\/\\/allegro-\\d{3,4}\\.com\\/","requestDomains":["com"],"resourceTypes":["main_frame"]},"id":71,"priority":10},
{"action":{"type":"block"},"condition":{"regexFilter":"^https:\\/\\/(?:seller\\.)?ebay-[a-z]{8,15}\\.com\\/","requestDomains":["com"],"resourceTypes":["main_frame"]},"id":72,"priority":10},
{"action":{"type":"block"},"condition":{"excludedRequestDomains":["impots.gouv.fr"],"regexFilter":"\\.temporary\\.site\\/service\\/[a-f0-9]{32}\\/","requestDomains":["temporary.site"],"resourceTypes":["main_frame"]},"id":73,"priority":10},
{"action":{"type":"block"},"condition":{"excludedRequestDomains":["edu","gov","gov.vn","tpb.vn"],"regexFilter":"^https:\\/\\/tpbank\\.[-a-z0-9]{5,}\\.[a-z]{3}(?:\\.vn)?\\/","resourceTypes":["main_frame"]},"id":74,"priority":10},
{"action":{"type":"block"},"condition":{"excludedRequestDomains":["mbbank.com.vn"],"regexFilter":"^https:\\/\\/mbdk\\d+\\.com\\/","requestDomains":["com"],"resourceTypes":["main_frame"]},"id":75,"priority":10},
{"action":{"type":"block"},"condition":{"excludedRequestDomains":["facebook.com"],"isUrlFilterCaseSensitive":true,"regexFilter":"^https:\\/\\/business\\.[a-z]+confii?rm\\.com\\/meta-community-standard\\d{14,15}[^\\d]?","requestDomains":["com"],"resourceTypes":["main_frame"]},"id":76,"priority":10},
{"action":{"type":"block"},"condition":{"excludedRequestDomains":["facebook.com"],"regexFilter":"^https:\\/\\/business-component\\.[a-z]+(-[a-z]+){2}\\.com\\/","requestDomains":["com"],"resourceTypes":["main_frame"]},"id":77,"priority":10},
{"action":{"type":"block"},"condition":{"excludedRequestDomains":["facebook.com"],"isUrlFilterCaseSensitive":true,"regexFilter":"\\.(?:click|pages\\.dev|surge\\.sh)\\/help\\/contact\\/\\d{14,19}\\b","requestDomains":["click","pages.dev","surge.sh"],"resourceTypes":["main_frame"]},"id":78,"priority":10},
{"action":{"type":"block"},"condition":{"excludedRequestDomains":["facebook.com"],"regexFilter":"\\.workers\\.dev\\/help\\/\\d{14,19}\\b","requestDomains":["workers.dev"],"resourceTypes":["main_frame"]},"id":79,"priority":10},
{"action":{"type":"block"},"condition":{"excludedRequestDomains":["facebook.com"],"isUrlFilterCaseSensitive":true,"regexFilter":"\\.(?:boats|cfd)\\/contract\\/\\d{14,19}\\b","requestDomains":["boats","cfd"],"resourceTypes":["main_frame"]},"id":80,"priority":10},
{"action":{"type":"block"},"condition":{"regexFilter":"\\.(?:pages\\.dev|vercel\\.app)\\/appeal_case_id\\b","requestDomains":["pages.dev","vercel.app"],"resourceTypes":["main_frame"]},"id":81,"priority":10},
{"action":{"type":"block"},"condition":{"excludedRequestDomains":["facebook.com"],"regexFilter":"^https:\\/\\/(?:appeal|contact|page)\\.[a-z]{15,}\\.com\\/appeal_case_id\\b","requestDomains":["com"],"resourceTypes":["main_frame"]},"id":82,"priority":10},
{"action":{"type":"block"},"condition":{"excludedRequestDomains":["facebook.com"],"isUrlFilterCaseSensitive":true,"regexFilter":"\\/contract\\/support-case-id=\\d{14,19}\\b","resourceTypes":["main_frame"]},"id":83,"priority":10},
{"action":{"type":"block"},"condition":{"regexFilter":"^https:\\/\\/h5\\.[a-z0-9]{4}\\.com\\/","requestDomains":["com"],"resourceTypes":["main_frame"]},"id":84,"priority":10},
{"action":{"type":"block"},"condition":{"excludedRequestDomains":["shopee.vn"],"regexFilter":"^https:\\/\\/sp\\d{2,3}88(?:vn)?\\.com\\/","requestDomains":["com"],"resourceTypes":["main_frame"]},"id":85,"priority":10},
{"action":{"type":"block"},"condition":{"excludedRequestDomains":["steamcommunity.com"],"regexFilter":"^https:\\/\\/stea[a-z]{1,4}o[mn][a-z]{4,7}y[a-z]?\\.com\\/","requestDomains":["com"],"resourceTypes":["main_frame"]},"id":86,"priority":10},
{"action":{"type":"block"},"condition":{"excludedRequestDomains":["steamcommunity.com"],"regexFilter":"^https:\\/\\/steam\\.(?:community)?workshop-?[a-z]+\\.com\\/","requestDomains":["com"],"resourceTypes":["main_frame"]},"id":87,"priority":10},
{"action":{"type":"block"},"condition":{"excludedRequestDomains":["garena.vn"],"regexFilter":"^https:\\/\\/(?:www\\.)?(?:ff[-.])?member[-.]gare[a-z]+a(?:\\.pro)?\\.vn\\/","requestDomains":["vn"],"resourceTypes":["main_frame"]},"id":88,"priority":10},
{"action":{"type":"block"},"condition":{"excludedRequestDomains":["garena.vn"],"regexFilter":"^https:\\/\\/(?:www\\.)?(?:ff[-.])?men?mber[-.]garena\\.vn\\/","requestDomains":["vn"],"resourceTypes":["main_frame"]},"id":89,"priority":10},
{"action":{"type":"block"},"condition":{"regexFilter":"^https:\\/\\/[a-f0-9]{58}\\.pages\\.dev\\/","requestDomains":["pages.dev"],"resourceTypes":["main_frame"]},"id":90,"priority":10},
{"action":{"type":"block"},"condition":{"regexFilter":"\\.com(\\.[a-z]{2})?\\/wp-includes\\/images\\/smilies\\/images?\\/smili?es\\/[a-z]{25,35}\\.html","resourceTypes":["main_frame"]},"id":91,"priority":10},
{"action":{"type":"block"},"condition":{"regexFilter":"^https:\\/\\/[a-z]{14}\\.azureedge\\.net\\/\\d{4}j\\b","requestDomains":["azureedge.net"],"resourceTypes":["main_frame"]},"id":92,"priority":10},
{"action":{"type":"block"},"condition":{"regexFilter":"^https:\\/\\/[-a-z]{4,}\\.dogfriendlytahoe\\.com\\/","requestDomains":["dogfriendlytahoe.com"],"resourceTypes":["main_frame"]},"id":93,"priority":10},
{"action":{"type":"block"},"condition":{"excludedRequestDomains":["telegram.org"],"regexFilter":"^https:\\/\\/www\\.telegramk[a-z]\\.com\\/","requestDomains":["com"],"resourceTypes":["main_frame"]},"id":94,"priority":10},
{"action":{"type":"block"},"condition":{"regexFilter":"^https:\\/\\/ht[a-z]\\d{2}\\.vip\\/","requestDomains":["vip"],"resourceTypes":["main_frame"]},"id":95,"priority":10},
{"action":{"type":"block"},"condition":{"regexFilter":"^https:\\/\\/xy[a-z]\\d{2}\\.cc\\/","requestDomains":["cc"],"resourceTypes":["main_frame"]},"id":96,"priority":10},
{"action":{"type":"block"},"condition":{"excludedRequestDomains":["usps.com"],"regexFilter":"^https:\\/\\/usps\\.[-a-z]{6,}\\.(?:com|top)\\/(?:address\\.html|information|verify)\\b","requestDomains":["com","top"],"resourceTypes":["main_frame"]},"id":97,"priority":10},
{"action":{"type":"block"},"condition":{"excludedRequestDomains":["usps.com"],"regexFilter":"^https:\\/\\/transporta[a-z]{8,9}pro\\.top\\/i\\b","requestDomains":["top"],"resourceTypes":["main_frame"]},"id":98,"priority":10},
{"action":{"type":"block"},"condition":{"regexFilter":"^https:\\/\\/(?:[a-z0-9]{2,}-)+10\\d{4}\\.weeblysite\\.com\\/","requestDomains":["weeblysite.com"],"resourceTypes":["main_frame"]},"id":99,"priority":10},
{"action":{"type":"block"},"condition":{"regexFilter":"^https:\\/\\/(?:[a-z0-9]{2,}-)+10\\d{4}\\.square\\.site\\/","requestDomains":["square.site"],"resourceTypes":["main_frame"]},"id":100,"priority":10},
{"action":{"type":"block"},"condition":{"regexFilter":"^https:\\/\\/[^.]+\\.codeanyapp\\.com\\/wp-content\\/.+\\/spo[a-z]{2}i\\/","requestDomains":["codeanyapp.com"],"resourceTypes":["main_frame"]},"id":101,"priority":10},
{"action":{"type":"block"},"condition":{"regexFilter":"\\.(?:cc|com|top|vip)\\/index\\/index\\/lang\\/[a-z]{2}-[a-z]{2}\\b","requestDomains":["cc","com","top","vip"],"resourceTypes":["main_frame"]},"id":102,"priority":10},
{"action":{"type":"block"},"condition":{"excludedRequestDomains":["coinbase.com"],"regexFilter":"^https:\\/\\/\\d{6}-coinbase\\.com\\/","resourceTypes":["main_frame"]},"id":103,"priority":10},
{"action":{"type":"block"},"condition":{"excludedRequestDomains":["pancakeswap.finance"],"regexFilter":"^https:\\/\\/pancake(?:dro|swa)pclick\\d+\\.vercel\\.app\\/","requestDomains":["vercel.app"],"resourceTypes":["main_frame"]},"id":104,"priority":10},
{"action":{"type":"block"},"condition":{"regexFilter":"^https:\\/\\/([a-z]-){10,15}[a-z]\\.(?:com|net|org)\\.tr\\/","requestDomains":["com.tr","net.tr","org.tr"],"resourceTypes":["main_frame"]},"id":105,"priority":10},
{"action":{"type":"block"},"condition":{"isUrlFilterCaseSensitive":true,"regexFilter":"^https:\\/\\/pub-[a-f0-9]{32}\\.r2\\.dev\\/be[a0-9]\\d{2,3}\\.html\\b","requestDomains":["r2.dev"],"resourceTypes":["main_frame"]},"id":106,"priority":10},
{"action":{"type":"block"},"condition":{"excludedRequestDomains":["dienmayxanh.com"],"regexFilter":"^https?:\\/\\/dienmayxanh[-a-z0-9]+\\.com\\/","requestDomains":["com"],"resourceTypes":["main_frame"]},"id":107,"priority":10},
{"action":{"type":"block"},"condition":{"regexFilter":"^https:\\/\\/dich-vu(?:-[a-z0-9]+){2,3}\\.com\\/","requestDomains":["com"],"resourceTypes":["main_frame"]},"id":108,"priority":10},
{"action":{"type":"block"},"condition":{"excludedRequestDomains":["tiki.vn"],"regexFilter":"^https:\\/\\/zla\\d{3}\\.top\\/","requestDomains":["top"],"resourceTypes":["main_frame"]},"id":109,"priority":10},
{"action":{"type":"block"},"condition":{"excludedRequestDomains":["lazada.vn"],"regexFilter":"^https:\\/\\/da\\d{4}\\.com\\/","requestDomains":["com"],"resourceTypes":["main_frame"]},"id":110,"priority":10},
{"action":{"type":"block"},"condition":{"excludedRequestDomains":["tiki.vn"],"regexFilter":"^https:\\/\\/tdk[det]0[0-9]\\.com\\/","requestDomains":["com"],"resourceTypes":["main_frame"]},"id":111,"priority":10},
{"action":{"type":"block"},"condition":{"excludedRequestDomains":["shopee.vn"],"regexFilter":"^https:\\/\\/(www\\.)?sp\\d{4,5}p\\.com\\/","requestDomains":["com"],"resourceTypes":["main_frame"]},"id":112,"priority":10},
{"action":{"type":"block"},"condition":{"excludedRequestDomains":["shopee.vn"],"regexFilter":"^https:\\/\\/nz[a-z]\\d{5}s\\.com\\/","requestDomains":["com"],"resourceTypes":["main_frame"]},"id":113,"priority":10},
{"action":{"type":"block"},"condition":{"regexFilter":"^https:\\/\\/amazon[a-z]\\d\\.com\\/","requestDomains":["com"],"resourceTypes":["main_frame"]},"id":114,"priority":10},
{"action":{"type":"block"},"condition":{"excludedRequestDomains":["google.com","microsoft.com"],"regexFilter":"^https:\\/\\/[a-z0-9]{3,}\\.[a-z0-9]{4,11}\\.com\\/[a-zA-Z0-9]{30,}\\?[a-zA-Z0-9]{25,}$","requestDomains":["com"],"resourceTypes":["main_frame"]},"id":115,"priority":10},
{"action":{"type":"block"},"condition":{"regexFilter":"^https:\\/\\/[a-z0-9]{3,}\\.[a-z0-9]{4,11}\\.ru\\/[a-zA-Z0-9]{30,}\\?[a-zA-Z0-9]{25,}$","requestDomains":["ru"],"resourceTypes":["main_frame"]},"id":116,"priority":10},
{"action":{"type":"block"},"condition":{"regexFilter":"^https:\\/\\/[a-z0-9]{3,}\\.[a-z0-9]{4,11}\\.su\\/[a-zA-Z0-9]{30,}\\?[a-zA-Z0-9]{25,}$","requestDomains":["su"],"resourceTypes":["main_frame"]},"id":117,"priority":10},
{"action":{"type":"block"},"condition":{"isUrlFilterCaseSensitive":true,"regexFilter":"^https:\\/\\/[a-z]{6,19}\\.(?:com|net)\\/(?:static_)?file\\/\\?t=[_a-z0-9]+&ns=[a-z]{2}$","requestDomains":["com","net"],"resourceTypes":["main_frame"]},"id":118,"priority":10},
{"action":{"type":"block"},"condition":{"excludedRequestDomains":["x.com"],"regexFilter":"^https:\\/\\/help\\.[a-z]{3,}-x-[a-z]{3,}\\.com\\/","requestDomains":["com"],"resourceTypes":["main_frame"]},"id":119,"priority":10},
{"action":{"type":"block"},"condition":{"isUrlFilterCaseSensitive":true,"regexFilter":"^https?:\\/\\/[a-z]{10,}\\.com\\/go\\/[a-f0-9]{8}(-[a-f0-9]{4}){3}-[a-f0-9]{12}\\b","requestDomains":["com"],"resourceTypes":["main_frame"]},"id":120,"priority":10},
{"action":{"type":"block"},"condition":{"isUrlFilterCaseSensitive":true,"regexFilter":"^https?:\\/\\/[-a-z0-9]{8,}\\.ru\\/\\?load=[a-zA-Z0-9]+(-[a-zA-Z0-9]+)+$","requestDomains":["ru"],"resourceTypes":["main_frame"]},"id":121,"priority":10},
{"action":{"type":"block"},"condition":{"excludedRequestDomains":["edu","gov","gov.gr"],"regexFilter":"^https:\\/\\/gov\\.[^.]*gr\\.[a-z]{2,6}","resourceTypes":["main_frame"]},"id":122,"priority":10},
{"action":{"type":"block"},"condition":{"excludedRequestDomains":["com","edu","gov","net","org"],"isUrlFilterCaseSensitive":true,"regexFilter":"\\.[a-z]{3,}\\/a\\.aspx\\?cid=","resourceTypes":["main_frame"]},"id":123,"priority":10},
{"action":{"type":"block"},"condition":{"excludedRequestDomains":["com","edu","gov","net","org"],"isUrlFilterCaseSensitive":true,"regexFilter":"\\.[a-z]{3,}\\/products\\.aspx\\?cname=.+&cid=","resourceTypes":["main_frame"]},"id":124,"priority":10},
{"action":{"type":"block"},"condition":{"regexFilter":"^https:\\/\\/online\\.[a-z]{7,}\\.top\\/","requestDomains":["top"],"resourceTypes":["main_frame"]},"id":125,"priority":10},
{"action":{"type":"block"},"condition":{"excludedRequestDomains":["gov.uk"],"regexFilter":"^https:\\/\\/winterpaymen[a-z]{2,5}\\.top\\/","requestDomains":["top"],"resourceTypes":["main_frame"]},"id":126,"priority":10},
{"action":{"type":"block"},"condition":{"excludedRequestDomains":["com","edu","gov","net","org"],"regexFilter":"^https:\\/\\/usps\\.com-(?:\\w+\\.){1,2}[a-z]{2,4}\\/","resourceTypes":["main_frame"]},"id":127,"priority":10},
{"action":{"type":"block"},"condition":{"excludedRequestDomains":["air-up.com"],"regexFilter":"^https:\\/\\/www\\.air-?up-?[a-z]{2,}\\.com\\/","requestDomains":["com"],"resourceTypes":["main_frame"]},"id":128,"priority":10},
{"action":{"type":"block"},"condition":{"excludedRequestDomains":["air-up.com"],"regexFilter":"^https:\\/\\/www\\.xn--airup[a-z]{5,6}-[a-z0-9]{3}\\.com\\/","requestDomains":["com"],"resourceTypes":["main_frame"]},"id":129,"priority":10},
{"action":{"type":"block"},"condition":{"domainType":"firstParty","initiatorDomains":["hottystop.com"],"regexFilter":"\\.com\\/[_0-9a-zA-Z]+\\.jpg$","resourceTypes":["image"]},"id":130,"priority":10},
{"action":{"type":"block"},"condition":{"domainType":"firstParty","initiatorDomains":["nyaa.land"],"regexFilter":"nyaa\\.land\\/static\\/[a-z0-9]{32}\\.jpg$","resourceTypes":["image"]},"id":131,"priority":10},
{"action":{"type":"block"},"condition":{"domainType":"firstParty","initiatorDomains":["playsexgames.xxx"],"regexFilter":"xxx\\/(?:[a-z]+[_-]){1,2}[a-z]+\\.(?:gif|jpg)$","resourceTypes":["image"]},"id":132,"priority":10},
{"action":{"type":"block"},"condition":{"domainType":"firstParty","initiatorDomains":["palcomix.com"],"regexFilter":"\\.com\\/(full)?ad[0-9a-z]+\\.(?:gif|jpg)$","resourceTypes":["image"]},"id":133,"priority":10},
{"action":{"type":"block"},"condition":{"domainType":"firstParty","initiatorDomains":["thesquarshers.com"],"regexFilter":"\\/images\\/(?:Banner\\d{1,2}\\.|[a-z]{3}\\/)","resourceTypes":["image"]},"id":134,"priority":10},
{"action":{"type":"block"},"condition":{"domainType":"firstParty","initiatorDomains":["demonoid.is"],"isUrlFilterCaseSensitive":true,"regexFilter":"demonoid\\.is\\/[a-z0-9]{24}\\.jpg$","resourceTypes":["image"]},"id":135,"priority":10},
{"action":{"type":"block"},"condition":{"domainType":"firstParty","initiatorDomains":["distrowatch.com"],"regexFilter":"^https:\\/\\/distrowatch\\.com\\/images\\/[a-z]+\\/[a-z]+$","resourceTypes":["image"]},"id":136,"priority":10},
{"action":{"type":"block"},"condition":{"domainType":"firstParty","initiatorDomains":["tgx.rs"],"isUrlFilterCaseSensitive":true,"regexFilter":"\\/common\\/images\\/[a-z0-9]{1,5}\\-[a-z0-9]{1,5}\\.png$","resourceTypes":["image"]},"id":137,"priority":10},
{"action":{"type":"block"},"condition":{"domainType":"firstParty","isUrlFilterCaseSensitive":true,"regexFilter":"\\/[A-Z]{1,2}\\/[-0-9a-z]{5,}\\.com\\/(?:[0-9a-f]{2}\\/){3}[0-9a-f]{32}\\.js$","resourceTypes":["script"]},"id":138,"priority":10},
{"action":{"type":"block"},"condition":{"domainType":"firstParty","initiatorDomains":["imgadult.com","imgdrive.net","imgtaxi.com","imgwallet.com"],"regexFilter":"(?:com|net)\\/[0-9a-f]{12}\\.js$","resourceTypes":["script"]},"id":139,"priority":10},
{"action":{"type":"block"},"condition":{"domainType":"firstParty","initiatorDomains":["hentai2w.com"],"regexFilter":"\\.com\\/\\d+\\/[0-9a-z]+\\.js$","resourceTypes":["script"]},"id":140,"priority":10},
{"action":{"type":"block"},"condition":{"domainType":"firstParty","initiatorDomains":["camvideos.org"],"regexFilter":"\\/[0-9a-f]{12}\\.js$","resourceTypes":["script"]},"id":141,"priority":10},
{"action":{"type":"block"},"condition":{"domainType":"firstParty","initiatorDomains":["thesun.co.uk"],"isUrlFilterCaseSensitive":true,"regexFilter":"^https:\\/\\/www\\.thesun\\.co\\.uk\\/[0-9a-z]{32}\\.js$","resourceTypes":["script"]},"id":142,"priority":10},
{"action":{"type":"block"},"condition":{"domainType":"firstParty","initiatorDomains":["povaddict.com"],"regexFilter":"\\.com\\/[a-zA-Z]{10}\\.js$","resourceTypes":["script"]},"id":143,"priority":10},
{"action":{"type":"block"},"condition":{"domainType":"firstParty","initiatorDomains":["asiaontop.com"],"regexFilter":"\\/aot-content\\/modules\\/[^\\.]{40,}\\.js\\b","resourceTypes":["script"]},"id":144,"priority":10},
{"action":{"type":"block"},"condition":{"domainType":"firstParty","initiatorDomains":["zetporn.com"],"regexFilter":"\\.com\\/[A-Za-z]{9,}\\/[A-Za-z]{9,}\\.js$","resourceTypes":["script"]},"id":145,"priority":10},
{"action":{"type":"block"},"condition":{"domainType":"firstParty","initiatorDomains":["teen-hd-sex.com","tube-teen-18.com","xxx-asian-tube.com"],"regexFilter":"\\.com\\/[0-9a-z]{12,}\\/[0-9a-z]{12,}\\.js$","resourceTypes":["script"]},"id":146,"priority":10},
{"action":{"type":"block"},"condition":{"domainType":"firstParty","initiatorDomains":["fleshed.com"],"regexFilter":"\\/static\\/[0-9a-z]+\\/[0-9a-z]+\\.js$","resourceTypes":["script"]},"id":147,"priority":10},
{"action":{"type":"block"},"condition":{"domainType":"firstParty","initiatorDomains":["eropics.to"],"regexFilter":"\\beropics\\.to\\/[a-zA-Z0-9]{8}\\.js$","resourceTypes":["script"]},"id":148,"priority":10},
{"action":{"type":"block"},"condition":{"domainType":"firstParty","initiatorDomains":["ennovelas.com"],"regexFilter":"^https:\\/\\/www\\.ennovelas\\.com\\/[a-z0-9]{10}$","resourceTypes":["script"]},"id":149,"priority":10},
{"action":{"type":"block"},"condition":{"domainType":"firstParty","regexFilter":"\\/assets\\/jquery\\/jquery-\\d\\.\\d\\.(?:\\d\\.)?min\\.js\\?(?:v=2)?&?type=(?:adult|mainstream)$","resourceTypes":["script"]},"id":150,"priority":10},
{"action":{"type":"block"},"condition":{"domainType":"firstParty","initiatorDomains":["com"],"regexFilter":"\\/js\\/\\d{2,3}eka\\d{2,3}\\.js$","resourceTypes":["script"]},"id":151,"priority":10},
{"action":{"type":"block"},"condition":{"domainType":"firstParty","initiatorDomains":["joysporn.sex"],"regexFilter":"\\/js\\/[a-z]j\\.js$","resourceTypes":["script"]},"id":152,"priority":10},
{"action":{"type":"block"},"condition":{"domainType":"firstParty","initiatorDomains":["gu-global.com","uniqlo.com"],"regexFilter":"\\.com\\/[-_0-9a-zA-Z]{4,}\\/[-\\/_0-9a-zA-Z]{25,}$","resourceTypes":["script"]},"id":153,"priority":10},
{"action":{"type":"block"},"condition":{"domainType":"firstParty","initiatorDomains":["kick.com"],"isUrlFilterCaseSensitive":true,"regexFilter":"^https:\\/\\/kick\\.com\\/[0-9A-z]{16}\\/[0-9A-z]{16}\\?apiKey=","resourceTypes":["script"]},"id":154,"priority":10},
{"action":{"type":"block"},"condition":{"domainType":"firstParty","initiatorDomains":["mudah.my"],"regexFilter":"^https:\\/\\/mudah\\.my\\/[a-zA-Z0-9]{16}\\/[a-zA-Z0-9]{16}\\?apiKey=","resourceTypes":["script"]},"id":155,"priority":10},
{"action":{"type":"block"},"condition":{"domainType":"firstParty","initiatorDomains":["panel.freemcserver.net"],"regexFilter":"panel\\.freemcserver\\.net\\/.{90,}\\?v=17","resourceTypes":["script"]},"id":156,"priority":10},
{"action":{"type":"block"},"condition":{"domainType":"firstParty","regexFilter":"^https?:\\/\\/.*\\/sw\\.js\\?[a-zA-Z0-9%]{50,}","resourceTypes":["script"]},"id":157,"priority":10},
{"action":{"type":"block"},"condition":{"domainType":"firstParty","initiatorDomains":["bdsmx.tube","bigdick.tube","desiporn.tube","hclips.com","hdzog.com","hdzog.tube","hotmovs.com","inporn.com","porn555.com","shemalez.com","tubepornclassic.com","txxx.com","upornia.com","vjav.com","vxxx.com","youteenporn.net"],"regexFilter":"^https?:\\/\\/.*\\/[a-z]{4,}\\/[a-z]{4,}\\.js","resourceTypes":["script"]},"id":158,"priority":10},
{"action":{"type":"block"},"condition":{"domainType":"firstParty","initiatorDomains":["imgadult.com","imgdrive.net","imgtaxi.com","imgwallet.com"],"regexFilter":"(?:com|net)\\/[a-z-]{3,10}\\.html$","resourceTypes":["sub_frame"]},"id":159,"priority":10},
{"action":{"type":"block"},"condition":{"domainType":"thirdParty","excludedResourceTypes":["image","main_frame","media","sub_frame"],"initiatorDomains":["1cloudfile.com","adblockstreamtape.art","adblockstreamtape.site","bowfile.com","clipconverter.cc","cricplay2.xyz","desiupload.co","dood.la","dood.pm","dood.so","dood.to","dood.watch","dood.ws","dopebox.to","downloadpirate.com","drivebuzz.icu","embedstream.me","eplayvid.net","fmovies.ps","gdriveplayer.us","gospeljingle.com","hexupload.net","kissanimes.net","krunkercentral.com","movies2watch.tv","myflixer.pw","myflixer.today","myflixertv.to","powvideo.net","proxyer.org","scloud.online","sflix.to","skidrowcodex.net","streamtape.com","theproxy.ws","vidbam.org","vidembed.cc","vidembed.io","videobin.co","vidlii.com","vidoo.org","vipbox.lc"],"regexFilter":"^https?:\\/\\/.*\\.(club|bid|biz|xyz|site|pro|info|online|icu|monster|buzz|website|biz|re|casa|top|one|space|network|live|systems|ml|world|life|co)\\/.*"},"id":160,"priority":10},
{"action":{"type":"block"},"condition":{"domainType":"thirdParty","regexFilter":"^https?:\\/\\/.*(com|net|top|xyz)\\/(bundle|warning|style|bootstrap|brand|reset|jquery-ui|styles|error|logo|index|favicon|star|header)\\.(png|css)\\?[A-Za-z0-9]{30,}.*"},"id":161,"priority":10},
{"action":{"type":"block"},"condition":{"domainType":"thirdParty","isUrlFilterCaseSensitive":true,"regexFilter":"^https?:\\/\\/[a-z]{8,15}\\.top\\/[-a-z]{4,}\\.css\\?aHR0c[\\/0-9a-zA-Z]{33,}=?=?$","resourceTypes":["stylesheet"]},"id":162,"priority":10},
{"action":{"type":"block"},"condition":{"domainType":"thirdParty","isUrlFilterCaseSensitive":true,"regexFilter":"^https?:\\/\\/[a-z]{8,15}\\.xyz\\/[-a-z]{4,}\\.css\\?aHR0c[\\/0-9a-zA-Z]{33,}=?=?$","resourceTypes":["stylesheet"]},"id":163,"priority":10},
{"action":{"type":"block"},"condition":{"domainType":"thirdParty","isUrlFilterCaseSensitive":true,"regexFilter":"^https?:\\/\\/[a-z]{8,15}\\.top\\/[a-z]{4,}\\.png\\?aHR0c[\\/0-9a-zA-Z]{33,}=?=?$","resourceTypes":["image"]},"id":164,"priority":10},
{"action":{"type":"block"},"condition":{"domainType":"thirdParty","isUrlFilterCaseSensitive":true,"regexFilter":"^https?:\\/\\/[a-z]{8,15}\\.xyz\\/[a-z]{4,}\\.png\\?aHR0c[\\/0-9a-zA-Z]{33,}=?=?$","resourceTypes":["image"]},"id":165,"priority":10},
{"action":{"type":"block"},"condition":{"domainType":"thirdParty","isUrlFilterCaseSensitive":true,"regexFilter":"^https?:\\/\\/[a-z]{7,}\\.buzz\\/[+\\/0-9a-zA-Z]{140,400}$","resourceTypes":["image"]},"id":166,"priority":10},
{"action":{"type":"block"},"condition":{"domainType":"thirdParty","isUrlFilterCaseSensitive":true,"regexFilter":"^https?:\\/\\/[a-z]{7,}\\.info\\/[+\\/0-9a-zA-Z]{140,400}$","resourceTypes":["image"]},"id":167,"priority":10},
{"action":{"type":"block"},"condition":{"domainType":"thirdParty","isUrlFilterCaseSensitive":true,"regexFilter":"^https?:\\/\\/[a-z]{7,}\\.lol\\/[+\\/0-9a-zA-Z]{140,400}$","resourceTypes":["image"]},"id":168,"priority":10},
{"action":{"type":"block"},"condition":{"domainType":"thirdParty","isUrlFilterCaseSensitive":true,"regexFilter":"^https?:\\/\\/[a-z]{7,}\\.one\\/[+\\/0-9a-zA-Z]{140,400}$","resourceTypes":["image"]},"id":169,"priority":10},
{"action":{"type":"block"},"condition":{"domainType":"thirdParty","isUrlFilterCaseSensitive":true,"regexFilter":"^https?:\\/\\/[a-z]{7,}\\.xyz\\/[+\\/0-9a-zA-Z]{140,400}$","resourceTypes":["image"]},"id":170,"priority":10},
{"action":{"type":"block"},"condition":{"domainType":"thirdParty","regexFilter":"^https?:\\/\\/[0-9a-z]{13,14}\\.cloudfront\\.net\\/\\?[a-z]{3,5}=\\d{6,7}$","resourceTypes":["script","xmlhttprequest"]},"id":171,"priority":10},
{"action":{"type":"block"},"condition":{"domainType":"thirdParty","regexFilter":"^https:\\/\\/[0-9a-f]{10}\\.[0-9a-f]{10}\\.com\\/[0-9a-f]{32}\\.js$","requestDomains":["com"],"resourceTypes":["script"]},"id":172,"priority":10},
{"action":{"type":"block"},"condition":{"domainType":"thirdParty","isUrlFilterCaseSensitive":true,"regexFilter":"^https?:\\/\\/[-a-z]{6,}\\.com?\\/[a-d][-\\.\\/_A-Za-z][DHWXm][-\\.\\/_A-Za-z][59FVZ][-\\.\\/_A-Za-z][6swyz][-\\.\\/_A-Za-z][-\\/_0-9a-zA-Z][-\\.\\/_A-Za-z][-\\/_0-9a-zA-Z]{22,162}$","requestDomains":["co","com"],"resourceTypes":["script","xmlhttprequest"]},"id":173,"priority":10},
{"action":{"type":"block"},"condition":{"domainType":"thirdParty","isUrlFilterCaseSensitive":true,"regexFilter":"^https?:\\/\\/[-a-z]{6,}\\.info\\/[a-d][-\\.\\/_A-Za-z][DHWXm][-\\.\\/_A-Za-z][59FVZ][-\\.\\/_A-Za-z][6swyz][-\\.\\/_A-Za-z][-\\/_0-9a-zA-Z][-\\.\\/_A-Za-z][-\\/_0-9a-zA-Z]{22,162}$","requestDomains":["info"],"resourceTypes":["script","xmlhttprequest"]},"id":174,"priority":10},
{"action":{"type":"block"},"condition":{"domainType":"thirdParty","isUrlFilterCaseSensitive":true,"regexFilter":"^https?:\\/\\/[-a-z]{6,}\\.pro\\/[a-d][-\\.\\/_A-Za-z][DHWXm][-\\.\\/_A-Za-z][59FVZ][-\\.\\/_A-Za-z][6swyz][-\\.\\/_A-Za-z][-\\/_0-9a-zA-Z][-\\.\\/_A-Za-z][-\\/_0-9a-zA-Z]{22,162}$","requestDomains":["pro"],"resourceTypes":["script","xmlhttprequest"]},"id":175,"priority":10},
{"action":{"type":"block"},"condition":{"domainType":"thirdParty","isUrlFilterCaseSensitive":true,"regexFilter":"^https?:\\/\\/[-a-z]{6,}\\.xyz\\/[a-d][-\\.\\/_A-Za-z][DHWXm][-\\.\\/_A-Za-z][59FVZ][-\\.\\/_A-Za-z][6swyz][-\\.\\/_A-Za-z][-\\/_0-9a-zA-Z][-\\.\\/_A-Za-z][-\\/_0-9a-zA-Z]{22,162}$","requestDomains":["xyz"],"resourceTypes":["script","xmlhttprequest"]},"id":176,"priority":10},
{"action":{"type":"block"},"condition":{"domainType":"thirdParty","regexFilter":"^https:\\/\\/(?:cdn77\\.)?aj[0-9a-z]{2}\\d{2}\\.online\\/[0-9a-z]{8}\\.js$","requestDomains":["online"],"resourceTypes":["script"]},"id":177,"priority":10},
{"action":{"type":"block"},"condition":{"domainType":"thirdParty","regexFilter":"^https:\\/\\/(?:cdn77\\.)?aj[0-9a-z]{2}\\d{2}\\.bid\\/[0-9a-z]{8}\\.js$","requestDomains":["bid"],"resourceTypes":["script"]},"id":178,"priority":10},
{"action":{"type":"block"},"condition":{"domainType":"thirdParty","isUrlFilterCaseSensitive":true,"regexFilter":"^https:\\/\\/[0-9a-z]{8,}\\.[a-z0-9]{7,}\\.[a-z]{4,}\\/[0-9a-f]{32}\\/a4\\/[0-9a-f]{13}\\.js$","resourceTypes":["script"]},"id":179,"priority":10},
{"action":{"type":"block"},"condition":{"domainType":"thirdParty","isUrlFilterCaseSensitive":true,"regexFilter":"^https:\\/\\/[0-9a-z]{8,}\\.[a-z0-9]{7,}\\.[a-z]{4,}\\/[0-9a-f]{32}\\/b4\\/[0-9a-f]{13}\\.js$","resourceTypes":["script"]},"id":180,"priority":10},
{"action":{"type":"block"},"condition":{"domainType":"thirdParty","regexFilter":"^https?:\\/\\/[a-z]{6,15}\\.[a-z]{2,3}\\/5\\/\\d{6,7}(?:\\?_=\\d+|\\/\\??)?$","resourceTypes":["script","xmlhttprequest"]},"id":181,"priority":10},
{"action":{"type":"block"},"condition":{"domainType":"thirdParty","regexFilter":"^https?:\\/\\/[-a-z]{8,15}\\.(?:com|net)\\/400\\/\\d{7}(?:\\?v=\\d+)?$","resourceTypes":["script"]},"id":182,"priority":10},
{"action":{"type":"block"},"condition":{"domainType":"thirdParty","regexFilter":"^https?:\\/\\/[-a-z]{8,15}\\.(?:com|net)\\/401\\/\\d{7}(?:\\?v=\\d+)?$","resourceTypes":["script"]},"id":183,"priority":10},
{"action":{"type":"block"},"condition":{"domainType":"thirdParty","regexFilter":"^https?:\\/\\/[a-z]{8,15}\\.(?:com|net)\\/tag\\.min\\.js$","resourceTypes":["script"]},"id":184,"priority":10},
{"action":{"type":"block"},"condition":{"domainType":"thirdParty","regexFilter":"^https?:\\/\\/[a-z]{6,12}\\.com\\/script\\/n[a-z]su\\.js$","resourceTypes":["script"]},"id":185,"priority":10},
{"action":{"type":"block"},"condition":{"domainType":"thirdParty","regexFilter":"^https:\\/\\/[a-z]{8}\\.xyz\\/main\\.js$","resourceTypes":["script"]},"id":186,"priority":10},
{"action":{"type":"block"},"condition":{"domainType":"thirdParty","excludedInitiatorDomains":["edu","gov"],"isUrlFilterCaseSensitive":true,"regexFilter":"^https?:\\/\\/cdn\\.[a-z]{3,8}\\.[a-z]{2,6}\\/app\\.js$","resourceTypes":["script"]},"id":187,"priority":10},
{"action":{"type":"block"},"condition":{"domainType":"thirdParty","isUrlFilterCaseSensitive":true,"regexFilter":"^https?:\\/\\/[a-z]{8,15}\\.club\\/[%0-9a-zA-Z]{170,}$","resourceTypes":["script"]},"id":188,"priority":10},
{"action":{"type":"block"},"condition":{"domainType":"thirdParty","isUrlFilterCaseSensitive":true,"regexFilter":"^https?:\\/\\/[a-z]{8,15}\\.fun\\/[%0-9a-zA-Z]{170,}$","resourceTypes":["script"]},"id":189,"priority":10},
{"action":{"type":"block"},"condition":{"domainType":"thirdParty","isUrlFilterCaseSensitive":true,"regexFilter":"^https?:\\/\\/[a-z]{8,15}\\.hair\\/[%0-9a-zA-Z]{170,}$","resourceTypes":["script"]},"id":190,"priority":10},
{"action":{"type":"block"},"condition":{"domainType":"thirdParty","regexFilter":"^https?:\\/\\/[a-z]{8,15}\\.work\\/[%0-9a-zA-Z]{170,}$","resourceTypes":["script"]},"id":191,"priority":10},
{"action":{"type":"block"},"condition":{"domainType":"thirdParty","regexFilter":"^https?:\\/\\/[a-z]{8,15}\\.xyz\\/[%0-9a-zA-Z]{170,}$","resourceTypes":["script"]},"id":192,"priority":10},
{"action":{"type":"block"},"condition":{"domainType":"thirdParty","isUrlFilterCaseSensitive":true,"regexFilter":"^https:\\/\\/[a-z]{3,5}\\.[a-z]{10,14}\\.top\\/[a-z]{10,16}\\/[a-z]{5,6}(?:\\?d=\\d)?$","requestDomains":["top"],"resourceTypes":["script","xmlhttprequest"]},"id":193,"priority":10},
{"action":{"type":"block"},"condition":{"domainType":"thirdParty","isUrlFilterCaseSensitive":true,"regexFilter":"^https:\\/\\/[a-z]{8,12}\\.com\\/en\\/(?:[a-z]{2,5}\\/){0,2}[a-z]{2,}\\?(?:[a-z]+=(?:\\d+|[a-z]+)&)*?id=[12]\\d{6}","requestDomains":["com"],"resourceTypes":["script"]},"id":194,"priority":10},
{"action":{"type":"block"},"condition":{"domainType":"thirdParty","initiatorDomains":["marketwatch.com","wsj.com"],"isUrlFilterCaseSensitive":true,"regexFilter":"\\.cloudfront\\.net\\/[a-z]{9,12}\\.js$","resourceTypes":["script"]},"id":195,"priority":10},
{"action":{"type":"block"},"condition":{"domainType":"thirdParty","excludedRequestDomains":["edu","gov"],"isUrlFilterCaseSensitive":true,"regexFilter":"^https:\\/\\/[a-z]+\\.[-a-z0-9]+\\.[a-z]{3,7}\\/[a-z]{2,6}\\.(?:[a-z]{1,8}\\.)?17\\d{8}\\.js\\?(?:revision|sr?c?|ve?r?)=6[a-f0-9]{7}$","resourceTypes":["script"]},"id":196,"priority":10},
{"action":{"type":"block"},"condition":{"domainType":"thirdParty","excludedRequestDomains":["edu","gov"],"isUrlFilterCaseSensitive":true,"regexFilter":"^https:\\/\\/[a-z]+\\.[-a-z0-9]+\\.[a-z]{3,7}\\/17\\d{8}\\/em\\.js\\?(?:revision|sr?c?|ve?r?)=6[a-f0-9]{7}$","resourceTypes":["script"]},"id":197,"priority":10},
{"action":{"type":"block"},"condition":{"domainType":"thirdParty","excludedRequestDomains":["edu","gov"],"isUrlFilterCaseSensitive":true,"regexFilter":"^https:\\/\\/[a-z]{7,}\\.[a-z]{3,}\\/get\\/\\?s=[a-zA-Z0-9]+=*$","resourceTypes":["script"]},"id":198,"priority":10},
{"action":{"type":"block"},"condition":{"domainType":"thirdParty","excludedRequestDomains":["edu","gov"],"isUrlFilterCaseSensitive":true,"regexFilter":"^https:\\/\\/[a-z]{7,}\\.[a-z]{3,}\\/img\\/$","resourceTypes":["script"]},"id":199,"priority":10},
{"action":{"type":"block"},"condition":{"domainType":"thirdParty","isUrlFilterCaseSensitive":true,"regexFilter":"^https:\\/\\/cdn\\.jsdelivr\\.net\\/npm\\/[-a-z_]{4,22}@latest\\/dist\\/script\\.min\\.js$","resourceTypes":["script"]},"id":200,"priority":10},
{"action":{"type":"block"},"condition":{"domainType":"thirdParty","regexFilter":"^https:\\/\\/[a-z]{2}\\.[a-z]{7,14}\\.com\\/r[0-9A-Za-z]{10,16}\\/[A-Za-z]{5}$","resourceTypes":["script"]},"id":201,"priority":10},
{"action":{"type":"block"},"condition":{"domainType":"thirdParty","regexFilter":"(https?:\\/\\/)\\w{30,}\\.me\\/\\w{30,}\\.","resourceTypes":["script"]},"id":202,"priority":10},
{"action":{"type":"block"},"condition":{"domainType":"thirdParty","excludedInitiatorDomains":["amazon.com"],"regexFilter":"^https?:\\/\\/s3\\.*.*\\.amazonaws\\.com\\/[a-f0-9]{45,}\\/[a-f,0-9]{8,10}$","resourceTypes":["script","xmlhttprequest"]},"id":203,"priority":10},
{"action":{"type":"block"},"condition":{"domainType":"thirdParty","initiatorDomains":["123movies.tw","1cloudfile.com","745mingiestblissfully.com","9xupload.asia","adblockeronstape.me","adblockeronstreamtape.me","adblockeronstrtape.xyz","adblockplustape.xyz","adblockstreamtape.art","adblockstreamtape.fr","adblockstreamtape.site","adblocktape.online","adblocktape.store","adblocktape.wiki","advertisertape.com","anonymz.com","antiadtape.com","bowfile.com","clickndownload.click","clicknupload.space","clicknupload.to","cloudvideo.tv","d000d.com","daddylivehd.sx","dailyuploads.net","databasegdriveplayer.xyz","deltabit.co","dlhd.sx","dood.la","dood.li","dood.pm","dood.re","dood.sh","dood.so","dood.to","dood.watch","dood.wf","dood.ws","dood.yt","doods.pro","dooood.com","dramacool.sr","drivebuzz.icu","ds2play.com","embedplayer.site","embedsb.com","embedsito.com","embedstream.me","engvideo.net","enjoy4k.xyz","eplayvid.net","evoload.io","fembed-hd.com","filemoon.sx","files.im","flexy.stream","fmovies.ps","gamovideo.com","gaybeeg.info","gdriveplayer.pro","gettapeads.com","givemenbastreams.com","gogoanimes.org","gomo.to","greaseball6eventual20.com","hdtoday.ru","hexload.com","hexupload.net","imgtraffic.com","kesini.in","kickassanime.mx","kickasstorrents.to","linkhub.icu","lookmyimg.com","luluvdo.com","mangareader.cc","mangareader.to","membed.net","mirrorace.org","mixdroop.co","mixdrop.ag","mixdrop.bz","mixdrop.click","mixdrop.club","mixdrop.nu","mixdrop.ps","mixdrop.si","mixdrop.sx","mixdrop.to","mixdrp.co","movies2watch.tv","mp4upload.com","nelion.me","noblocktape.com","nsw2u.org","olympicstreams.co","onlinevideoconverter.com","ovagames.com","papahd.club","pcgamestorrents.com","pouvideo.cc","proxyer.org","putlocker-website.com","reputationsheriffkennethsand.com","rintor.space","rojadirecta1.site","scloud.online","send.cm","sflix.to","shavetape.cash","skidrowcodex.net","smallencode.me","soccerstreamslive.co","stapadblockuser.art","stapadblockuser.click","stapadblockuser.info","stapadblockuser.xyz","stape.fun","stapewithadblock.beauty","stapewithadblock.monster","stapewithadblock.xyz","strcloud.in","streamadblocker.cc","streamadblocker.com","streamadblocker.store","streamadblocker.xyz","streamingsite.net","streamlare.com","streamnoads.com","streamta.pe","streamta.site","streamtape.cc","streamtape.com","streamtape.to","streamtape.xyz","streamtapeadblock.art","streamtapeadblockuser.art","streamtapeadblockuser.homes","streamtapeadblockuser.monster","streamtapeadblockuser.xyz","strikeout.ws","strtape.cloud","strtape.tech","strtapeadblock.club","strtapeadblocker.xyz","strtapewithadblock.art","strtapewithadblock.xyz","supervideo.cc","supervideo.tv","tapeadsenjoyer.com","tapeadvertisement.com","tapeantiads.com","tapeblocker.com","tapenoads.com","tapewithadblock.com","tapewithadblock.org","thepiratebay0.org","thepiratebay10.xyz","theproxy.ws","thevideome.com","toxitabellaeatrebates306.com","un-block-voe.net","upbam.org","upload-4ever.com","upload.do","uproxy.to","upstream.to","uqload.co","uqload.io","userscloud.com","v-o-e-unblock.com","vidbam.org","vido.lol","vidshar.org","vidsrc.me","vidsrc.stream","vipleague.im","vipleague.st","voe-unblock.net","voe.sx","vudeo.io","vudeo.net","vumoo.to","yesmovies.mn","youtube4kdownloader.com"],"regexFilter":"^https?:\\/\\/[0-9a-z]{5,}\\.com\\/.*","resourceTypes":["script","xmlhttprequest"]},"id":204,"priority":10},
{"action":{"type":"block"},"condition":{"domainType":"thirdParty","regexFilter":"\\/[0-9a-f]{32}\\/invoke\\.js","resourceTypes":["script"]},"id":205,"priority":10},
{"action":{"type":"block"},"condition":{"domainType":"thirdParty","initiatorDomains":["deltabit.co","nzbstars.com","papahd.club","vostfree.online"],"regexFilter":"^https?:\\/\\/www\\..*.com\\/[a-z]{1,}\\.js$","resourceTypes":["script"]},"id":206,"priority":10},
{"action":{"type":"block"},"condition":{"domainType":"thirdParty","excludedInitiatorDomains":["127.0.0.1","bitrix24.life","ccc.ac","jacksonchen666.com","lemmy.world","localhost","scribble.ninja","scribble.website","traineast.co.uk"],"regexFilter":"^https?:\\/\\/[0-9a-z]{5,}\\.(digital|website|life|guru|uno|cfd)\\/[a-z0-9]{6,}\\/","resourceTypes":["script","xmlhttprequest"]},"id":207,"priority":10},
{"action":{"type":"block"},"condition":{"domainType":"thirdParty","regexFilter":"^https?:\\/\\/cdn\\.[0-9a-z]{3,6}\\.xyz\\/[a-z0-9]{8,}\\.js$","resourceTypes":["script"]},"id":208,"priority":10},
{"action":{"type":"block"},"condition":{"domainType":"thirdParty","initiatorDomains":["dood.la","dood.pm","dood.sh","dood.so","dood.to","dood.watch","dood.ws"],"regexFilter":"^https?:\\/\\/www\\.[0-9a-z]{8,}\\.com\\/[0-9a-z]{1,4}\\.js$","resourceTypes":["script"]},"id":209,"priority":10},
{"action":{"type":"block"},"condition":{"domainType":"thirdParty","regexFilter":"^https:\\/\\/cdn\\.jsdelivr\\.net\\/npm\\/[-a-z_]{4,22}@latest\\/dist\\/script\\.min\\.js$","resourceTypes":["script"]},"id":210,"priority":10},
{"action":{"type":"block"},"condition":{"domainType":"thirdParty","regexFilter":"^https?:\\/\\/[0-9a-f]{50,}\\.s3\\.amazonaws\\.com\\/[0-9a-f]{10}$","resourceTypes":["xmlhttprequest"]},"id":211,"priority":10},
{"action":{"type":"block"},"condition":{"domainType":"thirdParty","regexFilter":"^https?:\\/\\/s3\\.us-east-1\\.amazonaws\\.com\\/[0-9a-f]{50,}\\/[0-9a-f]{10}$","resourceTypes":["xmlhttprequest"]},"id":212,"priority":10},
{"action":{"type":"block"},"condition":{"domainType":"thirdParty","regexFilter":"^https:\\/\\/(?:cdn77\\.)?aj\\d{4}\\.bid\\/[-_0-9A-Za-z]{80,}\\?","requestDomains":["bid"],"resourceTypes":["xmlhttprequest"]},"id":213,"priority":10},
{"action":{"type":"block"},"condition":{"domainType":"thirdParty","regexFilter":"^https?:\\/\\/[-a-z]{8,15}\\.(?:com|net)\\/500\\/\\d{7}\\?","resourceTypes":["xmlhttprequest"]},"id":214,"priority":10},
{"action":{"type":"block"},"condition":{"domainType":"thirdParty","excludedRequestDomains":["google.com","microsoft.com"],"initiatorDomains":["com","ru","su"],"regexFilter":"^https:\\/\\/[a-z0-9]{50,}\\.[a-z0-9]{4,11}\\.com\\/[a-zA-Z0-9]{50,}$","requestDomains":["com"],"requestMethods":["get"],"resourceTypes":["xmlhttprequest"]},"id":215,"priority":10},
{"action":{"type":"block"},"condition":{"domainType":"thirdParty","initiatorDomains":["com","ru","su"],"regexFilter":"^https:\\/\\/[a-z0-9]{50,}\\.[a-z0-9]{4,11}\\.ru\\/[a-zA-Z0-9]{50,}$","requestDomains":["ru"],"requestMethods":["get"],"resourceTypes":["xmlhttprequest"]},"id":216,"priority":10},
{"action":{"type":"block"},"condition":{"domainType":"thirdParty","initiatorDomains":["com","ru","su"],"regexFilter":"^https:\\/\\/[a-z0-9]{50,}\\.[a-z0-9]{4,11}\\.su\\/[a-zA-Z0-9]{50,}$","requestDomains":["su"],"requestMethods":["get"],"resourceTypes":["xmlhttprequest"]},"id":217,"priority":10},
{"action":{"type":"block"},"condition":{"domainType":"thirdParty","initiatorDomains":["1link.club","2embed.to","apiyoutube.cc","bestmp3converter.com","clicknupload.red","clicknupload.to","daddyhd.com","dood.wf","lulustream.com","mp4upload.com","poscitech.com","sportcast.life","streamhub.to","streamvid.net","tokybook.com","tvshows88.live","uqload.io"],"regexFilter":"^https?:\\/\\/[0-9a-z]{8,}\\.xyz\\/.*","resourceTypes":["xmlhttprequest"]},"id":218,"priority":10},
{"action":{"type":"block"},"condition":{"domainType":"thirdParty","isUrlFilterCaseSensitive":true,"regexFilter":"^https?:\\/\\/[a-z]{8,15}\\.top(\\/(?:\\d{1,5}|0NaN|articles?|browse|index|movie|news|pages?|static|view|web|wiki)){1,4}(?:\\.html|\\/)$","resourceTypes":["sub_frame"]},"id":219,"priority":10},
{"action":{"type":"block"},"condition":{"domainType":"thirdParty","isUrlFilterCaseSensitive":true,"regexFilter":"^https?:\\/\\/[a-z]{8,15}\\.xyz(\\/(?:\\d{1,5}|0NaN|articles?|browse|index|movie|news|pages?|static|view|web|wiki)){1,4}(?:\\.html|\\/)$","resourceTypes":["sub_frame"]},"id":220,"priority":10},
{"action":{"type":"block"},"condition":{"domainType":"thirdParty","regexFilter":"^https:\\/\\/(?:cdn77\\.)?aj[0-9a-z]{2}\\d{2}\\.online\\/[-_0-9A-Za-z]{70,}$","requestDomains":["online"],"resourceTypes":["sub_frame"]},"id":221,"priority":10},
{"action":{"type":"block"},"condition":{"domainType":"thirdParty","regexFilter":"^https?:\\/\\/[-0-9a-z]{5,}\\.com\\/[0-9a-z]{8,10}\\?key=[0-9a-f]{32}$","resourceTypes":["sub_frame"]},"id":222,"priority":10},
{"action":{"type":"block"},"condition":{"domainType":"thirdParty","isUrlFilterCaseSensitive":true,"regexFilter":"^https?:\\/\\/[a-z]{7,}\\.buzz\\/[+\\/0-9a-zA-Z]{400,1000}$","resourceTypes":["sub_frame"]},"id":223,"priority":10},
{"action":{"type":"block"},"condition":{"domainType":"thirdParty","isUrlFilterCaseSensitive":true,"regexFilter":"^https?:\\/\\/[a-z]{7,}\\.info\\/[+\\/0-9a-zA-Z]{400,1000}$","resourceTypes":["sub_frame"]},"id":224,"priority":10},
{"action":{"type":"block"},"condition":{"domainType":"thirdParty","isUrlFilterCaseSensitive":true,"regexFilter":"^https?:\\/\\/[a-z]{7,}\\.lol\\/[+\\/0-9a-zA-Z]{400,1000}$","resourceTypes":["sub_frame"]},"id":225,"priority":10},
{"action":{"type":"block"},"condition":{"domainType":"thirdParty","isUrlFilterCaseSensitive":true,"regexFilter":"^https?:\\/\\/[a-z]{7,}\\.one\\/[+\\/0-9a-zA-Z]{400,1000}$","resourceTypes":["sub_frame"]},"id":226,"priority":10},
{"action":{"type":"block"},"condition":{"domainType":"thirdParty","isUrlFilterCaseSensitive":true,"regexFilter":"^https?:\\/\\/[a-z]{7,}\\.xyz\\/[+\\/0-9a-zA-Z]{400,1000}$","resourceTypes":["sub_frame"]},"id":227,"priority":10},
{"action":{"type":"block"},"condition":{"domainType":"thirdParty","excludedRequestDomains":["edu","gov"],"isUrlFilterCaseSensitive":true,"regexFilter":"^wss:\\/\\/[^\\/]+\\.[a-z]{2,}\\/(?:common|ws)\\?source=http[^&]+$","resourceTypes":["websocket"]},"id":228,"priority":10},
{"action":{"type":"allow"},"condition":{"initiatorDomains":["puzzle-aquarium.com","puzzle-battleships.com","puzzle-binairo.com","puzzle-bridges.com","puzzle-chess.com","puzzle-dominosa.com","puzzle-futoshiki.com","puzzle-galaxies.com","puzzle-heyawake.com","puzzle-hitori.com","puzzle-jigsaw-sudoku.com","puzzle-kakurasu.com","puzzle-kakuro.com","puzzle-killer-sudoku.com","puzzle-light-up.com","puzzle-lits.com","puzzle-loop.com","puzzle-masyu.com","puzzle-minesweeper.com","puzzle-nonograms.com","puzzle-norinori.com","puzzle-nurikabe.com","puzzle-pipes.com","puzzle-shakashaka.com","puzzle-shikaku.com","puzzle-shingoki.com","puzzle-skyscrapers.com","puzzle-slant.com","puzzle-star-battle.com","puzzle-stitches.com","puzzle-sudoku.com","puzzle-tapa.com","puzzle-tents.com","puzzle-thermometers.com","puzzle-words.com"],"regexFilter":"^https:\\/\\/www\\.puzzle-[a-z]+\\.com\\/","resourceTypes":["script"]},"id":229,"priority":30},
{"action":{"type":"allow"},"condition":{"initiatorDomains":["filiser.eu"],"regexFilter":"^https:\\/\\/i\\.imgur\\.com\\/(?:Nb8hauQ|qgn2xUN|asEQRCN|ppLF03C|gSh2lrT|zUniMdp|7gscsmm|vh8L243|MYyC34P)\\.mp4","resourceTypes":["media"]},"id":230,"priority":30},
{"action":{"type":"block"},"condition":{"excludedRequestDomains":["usps.com"],"regexFilter":"^https:\\/\\/[a-z]\\.[a-z]{10,}\\.top\\/l(?:\\/|$)","requestDomains":["top"],"resourceTypes":["main_frame"]},"id":231,"priority":10},
{"action":{"type":"allow"},"condition":{"domainType":"thirdParty","initiatorDomains":["maxlinks.online","maxstream.video","maxstreams.site","uprot.net"],"regexFilter":"^https:\\/\\/ads\\.host-cdn\\.net\\/\\w+\\.js\\?\\w+$","requestDomains":["ads.host-cdn.net"],"resourceTypes":["script"]},"id":237,"priority":30},
{"action":{"type":"block"},"condition":{"excludedRequestDomains":["edu","gov"],"isUrlFilterCaseSensitive":true,"regexFilter":"^https:\\/\\/xai\\w+(?:\\.\\w+)?\\.[a-z]{3,}\\/presale\\b","resourceTypes":["main_frame"]},"id":238,"priority":10},
{"action":{"type":"block"},"condition":{"excludedRequestDomains":["usps.com"],"regexFilter":"^https:\\/\\/[a-z]\\.[a-z]{10,}\\.top\\/us(?:\\/|$)","requestDomains":["top"],"resourceTypes":["main_frame"]},"id":239,"priority":10},
{"action":{"type":"block"},"condition":{"domainType":"thirdParty","isUrlFilterCaseSensitive":true,"regexFilter":"^https?:\\/\\/[-a-z]{5,12}\\.[a-z]{3,6}\\/[0-9a-h]{1,17}\\?[0-9a-zA-Z]{1,21}=[%0-9a-zA-Z]{200,1300}","requestMethods":["get"],"resourceTypes":["xmlhttprequest"]},"id":240,"priority":10}
]
