[
{
 "action": {
  "type": "block"
 },
 "condition": {
  "regexFilter": "afiliasi\\/*\\/banners"
 },
 "id": 1,
 "priority": 10
},
{
 "action": {
  "type": "block"
 },
 "condition": {
  "regexFilter": "anuncy\\/*\\/ads"
 },
 "id": 2,
 "priority": 10
},
{
 "action": {
  "type": "block"
 },
 "condition": {
  "regexFilter": "images\\/*_ads"
 },
 "id": 3,
 "priority": 10
},
{
 "action": {
  "type": "block"
 },
 "condition": {
  "regexFilter": "static\\/*\\/ads"
 },
 "id": 4,
 "priority": 10
},
{
 "action": {
  "type": "block"
 },
 "condition": {
  "regexFilter": "^https?:\\/\\/(www\\.)?([a-z0-9]{3,16}\\.)?[a-z0-9]{5,32}\\.([a-z]{2,8})\\/([a-z0-9]{2,4}\\/){3}[a-f0-9]{32}\\.js$",
  "resourceTypes": [
   "script",
   "xmlhttprequest"
  ]
 },
 "id": 5,
 "priority": 10
},
{
 "action": {
  "type": "block"
 },
 "condition": {
  "regexFilter": "^https?:\\/\\/(www\\.)?([a-z0-9]{5,32}\\.)([a-z]{2,8})\\/[0-9a-f]{32}\\/invoke\\.js$",
  "resourceTypes": [
   "script",
   "xmlhttprequest"
  ]
 },
 "id": 6,
 "priority": 10
}
]
