[
{"action":{"redirect":{"transform":{"queryTransform":{"removeParams":["?utm_source","_ga","_gl","_openstat","admitad_uid","afclid","amp;utm_campaign","amp;utm_content","amp;utm_erid","amp;utm_medium","amp;utm_source","amp;utm_term","cuid","fref","gclid","gtm","ila_camaign","ila_context","ila_location","irclickid","irgwc","maca","mt_adset","mt_campaign","mt_click_id","mt_link_id","mt_network","mt_sub","mt_sub1","mt_sub2","mt_sub3","mt_sub4","mt_sub5","pclid","pulse_traffic","ref_src","ref_url","referrer_clid","rtclick","traffic_source","utm-source","utm_campaign","utm_campaing","utm_cmpaign","utm_content","utm_erid","utm_event","utm_id","utm_medium","utm_name","utm_referer","utm_referrer","utm_sourece","utm_space","utm_term","utm_test","xtor","yaclid","yclid","yredirect","ysclid"]}}},"type":"redirect"},"condition":{"resourceTypes":["main_frame","sub_frame","xmlhttprequest"]},"id":1},
{"action":{"redirect":{"transform":{"queryTransform":{"removeParams":["trackcode"]}}},"type":"redirect"},"condition":{"initiatorDomains":["vk.com"],"resourceTypes":["main_frame","sub_frame"]},"id":2,"priority":2},
{"action":{"redirect":{"transform":{"queryTransform":{"removeParams":["_1ld","_1lp"]}}},"type":"redirect"},"condition":{"initiatorDomains":["vkplay.ru"],"resourceTypes":["main_frame","sub_frame","xmlhttprequest"]},"id":601,"priority":2},
{"action":{"redirect":{"transform":{"queryTransform":{"removeParams":["__rr","_bctx","advert","asb","asb2","avtc","avte","avts","perehod"]}}},"type":"redirect"},"condition":{"initiatorDomains":["ozon.ru"],"resourceTypes":["main_frame","sub_frame","xmlhttprequest"]},"id":602,"priority":2},
{"action":{"redirect":{"transform":{"queryTransform":{"removeParams":["aabrnd","nr","redirect_ts","via"]}}},"type":"redirect"},"condition":{"initiatorDomains":["ya.ru"],"resourceTypes":["main_frame","sub_frame","xmlhttprequest"]},"id":603,"priority":2},
{"action":{"redirect":{"transform":{"queryTransform":{"removeParams":["at_campaign","at_medium"]}}},"type":"redirect"},"condition":{"initiatorDomains":["bbc.com"],"resourceTypes":["main_frame","sub_frame","xmlhttprequest"]},"id":604,"priority":2},
{"action":{"redirect":{"transform":{"queryTransform":{"removeParams":["cxt"]}}},"type":"redirect"},"condition":{"initiatorDomains":["twitter.com"],"resourceTypes":["main_frame","sub_frame","xmlhttprequest"]},"id":605,"priority":2},
{"action":{"redirect":{"transform":{"queryTransform":{"removeParams":["embeds_euri","embeds_origin","embeds_referring_euri","embeds_referring_origin","embeds_widget_referrer","feature","source_ve_path"]}}},"type":"redirect"},"condition":{"initiatorDomains":["youtube.com"],"resourceTypes":["main_frame","sub_frame","xmlhttprequest"]},"id":606,"priority":2},
{"action":{"redirect":{"transform":{"queryTransform":{"removeParams":["erid"]}}},"type":"redirect"},"condition":{"excludedInitiatorDomains":["cnews.ru","lifehacker.ru"],"resourceTypes":["main_frame","sub_frame","xmlhttprequest"]},"id":607},
{"action":{"redirect":{"transform":{"queryTransform":{"removeParams":["exp_article","fm","frommail","fromnews","fromprefix","fromwidget","rf","utm_partner_id"]}}},"type":"redirect"},"condition":{"initiatorDomains":["mail.ru","sportmail.ru"],"resourceTypes":["main_frame","sub_frame","xmlhttprequest"]},"id":608,"priority":2},
{"action":{"redirect":{"transform":{"queryTransform":{"removeParams":["force_common_feed","stid"]}}},"type":"redirect"},"condition":{"initiatorDomains":["dzen.ru"],"resourceTypes":["main_frame","sub_frame","xmlhttprequest"]},"id":609,"priority":2},
{"action":{"redirect":{"transform":{"queryTransform":{"removeParams":["gid"]}}},"type":"redirect"},"condition":{"initiatorDomains":["oformi-foto.ru"],"resourceTypes":["main_frame","sub_frame","xmlhttprequest"]},"id":610,"priority":2},
{"action":{"redirect":{"transform":{"queryTransform":{"removeParams":["in"]}}},"type":"redirect"},"condition":{"initiatorDomains":["ria.ru"],"resourceTypes":["main_frame","sub_frame","xmlhttprequest"]},"id":611,"priority":2},
{"action":{"redirect":{"transform":{"queryTransform":{"removeParams":["mailday"]}}},"type":"redirect"},"condition":{"initiatorDomains":["mail.ru"],"resourceTypes":["main_frame","sub_frame","xmlhttprequest"]},"id":612,"priority":2},
{"action":{"redirect":{"transform":{"queryTransform":{"removeParams":["partner"]}}},"type":"redirect"},"condition":{"initiatorDomains":["steambuy.com"],"resourceTypes":["main_frame","sub_frame","xmlhttprequest"]},"id":613,"priority":2},
{"action":{"redirect":{"transform":{"queryTransform":{"removeParams":["persistent_id"]}}},"type":"redirect"},"condition":{"initiatorDomains":["dzen.ru","sportsdzen.ru"],"resourceTypes":["main_frame","sub_frame","xmlhttprequest"]},"id":614,"priority":2},
{"action":{"redirect":{"transform":{"queryTransform":{"removeParams":["rank","searchid"]}}},"type":"redirect"},"condition":{"initiatorDomains":["kufar.by"],"resourceTypes":["main_frame","sub_frame","xmlhttprequest"]},"id":615,"priority":2},
{"action":{"redirect":{"transform":{"queryTransform":{"removeParams":["ref"]}}},"type":"redirect"},"condition":{"initiatorDomains":["dtf.ru","mail.ru","sportmail.ru","vc.ru"],"resourceTypes":["main_frame","sub_frame","xmlhttprequest"]},"id":616,"priority":2},
{"action":{"redirect":{"transform":{"queryTransform":{"removeParams":["short_domain"]}}},"type":"redirect"},"condition":{"initiatorDomains":["tourbobit.com","tourbobit.net","turbobeet.net","turbobi.pw","turbobif.com","turbobit.net","turbobita.net","turbobits.cc","turbobits.net","turboobit.com"],"resourceTypes":["main_frame","sub_frame","xmlhttprequest"]},"id":617,"priority":2},
{"action":{"redirect":{"transform":{"queryTransform":{"removeParams":["sid"]}}},"type":"redirect"},"condition":{"initiatorDomains":["nnmclub.ro","nnmclub.to","rutor.in"],"resourceTypes":["main_frame","sub_frame","xmlhttprequest"]},"id":618,"priority":2},
{"action":{"redirect":{"transform":{"queryTransform":{"removeParams":["tt_content","tt_medium"]}}},"type":"redirect"},"condition":{"initiatorDomains":["twitch.tv"],"resourceTypes":["main_frame","sub_frame","xmlhttprequest"]},"id":619,"priority":2},
{"action":{"redirect":{"transform":{"queryTransform":{"removeParams":["utm_source"]}}},"type":"redirect"},"condition":{"excludedInitiatorDomains":["fonland.site"],"resourceTypes":["main_frame","sub_frame","xmlhttprequest"]},"id":620},
{"action":{"redirect":{"transform":{"queryTransform":{"removeParams":["weid"]}}},"type":"redirect"},"condition":{"initiatorDomains":["sibnet.ru"],"resourceTypes":["main_frame","sub_frame","xmlhttprequest"]},"id":621,"priority":2},
{"action":{"redirect":{"transform":{"queryTransform":{"removeParams":["cr"]}}},"type":"redirect"},"condition":{"initiatorDomains":["mail.ru","sportmail.ru"],"resourceTypes":["main_frame","sub_frame","xmlhttprequest"],"urlFilter":"/?cr="},"id":622,"priority":3},
{"action":{"redirect":{"transform":{"queryTransform":{"removeParams":["from"]}}},"type":"redirect"},"condition":{"resourceTypes":["main_frame","sub_frame","xmlhttprequest"],"urlFilter":"/?from=smm|"},"id":623,"priority":2},
{"action":{"redirect":{"transform":{"queryTransform":{"removeParams":["from"]}}},"type":"redirect"},"condition":{"resourceTypes":["main_frame","sub_frame","xmlhttprequest"],"urlFilter":"/?from=yanews"},"id":624,"priority":2},
{"action":{"redirect":{"transform":{"queryTransform":{"removeParams":["prov"]}}},"type":"redirect"},"condition":{"resourceTypes":["main_frame","sub_frame","xmlhttprequest"],"urlFilter":"?prov=ukrnet"},"id":625,"priority":2},
{"action":{"redirect":{"transform":{"queryTransform":{"removeParams":["block_click"]}}},"type":"redirect"},"condition":{"initiatorDomains":["rambler.ru"],"resourceTypes":["main_frame","sub_frame","xmlhttprequest"],"urlFilter":"block_click="},"id":626,"priority":3},
{"action":{"redirect":{"transform":{"queryTransform":{"removeParams":["source"]}}},"type":"redirect"},"condition":{"resourceTypes":["main_frame","sub_frame","xmlhttprequest"],"urlFilter":"||afisha.yandex.*/"},"id":627,"priority":2},
{"action":{"redirect":{"transform":{"query":""}},"type":"redirect"},"condition":{"initiatorDomains":["banki.ru"],"resourceTypes":["main_frame","sub_frame","xmlhttprequest"],"urlFilter":"||banki.ru/*?source=*menu_"},"id":628,"priority":3},
{"action":{"redirect":{"transform":{"query":""}},"type":"redirect"},"condition":{"initiatorDomains":["facebook.com"],"resourceTypes":["main_frame","sub_frame","xmlhttprequest"],"urlFilter":"||facebook.com^*/?hc_ref"},"id":629,"priority":3},
{"action":{"redirect":{"transform":{"query":""}},"type":"redirect"},"condition":{"initiatorDomains":["facebook.com"],"resourceTypes":["main_frame","sub_frame","xmlhttprequest"],"urlFilter":"||facebook.com^*/?ref="},"id":630,"priority":3},
{"action":{"redirect":{"transform":{"queryTransform":{"removeParams":["|media"]}}},"type":"redirect"},"condition":{"initiatorDomains":["livejournal.com"],"resourceTypes":["main_frame","sub_frame","xmlhttprequest"],"urlFilter":"||livejournal.com/*.html?media|"},"id":631,"priority":3},
{"action":{"redirect":{"transform":{"queryTransform":{"removeParams":["mclid"]}}},"type":"redirect"},"condition":{"resourceTypes":["main_frame","sub_frame","xmlhttprequest"],"urlFilter":"||market.yandex."},"id":632,"priority":2},
{"action":{"redirect":{"transform":{"queryTransform":{"removeParams":["aqs","authuser","bih","biw","cshid","dpr","ei","gs_lcp","gs_lcrp","gs_lp","gs_ssp","hl","ie","iflsig","newwindow","oq","sa","sca_esv","sca_upv","sclient","sei","source","sourceid","sstk","uact","ved"]}}},"type":"redirect"},"condition":{"resourceTypes":["main_frame","sub_frame","xmlhttprequest"],"urlFilter":"||www.google.*/search?"},"id":633,"priority":2},
{"action":{"redirect":{"transform":{"queryTransform":{"removeParams":["client"]}}},"type":"redirect"},"condition":{"resourceTypes":["main_frame","sub_frame","xmlhttprequest"],"urlFilter":"||www.google.*/search?client="},"id":634,"priority":2},
{"action":{"redirect":{"transform":{"queryTransform":{"removeParams":["sa","ved"]}}},"type":"redirect"},"condition":{"resourceTypes":["main_frame","sub_frame","xmlhttprequest"],"urlFilter":"||www.google.*/webhp?"},"id":635,"priority":2},
{"action":{"redirect":{"transform":{"query":""}},"type":"redirect"},"condition":{"initiatorDomains":["rambler.ru"],"resourceTypes":["main_frame","xmlhttprequest"],"urlFilter":"/?from=rcm-"},"id":636,"priority":3},
{"action":{"redirect":{"transform":{"query":""}},"type":"redirect"},"condition":{"initiatorDomains":["rambler.ru"],"resourceTypes":["main_frame","xmlhttprequest"],"urlFilter":"/?readmore"},"id":637,"priority":3},
{"action":{"redirect":{"transform":{"queryTransform":{"removeParams":["from"]}}},"type":"redirect"},"condition":{"initiatorDomains":["vedomosti.ru"],"resourceTypes":["main_frame","xmlhttprequest"],"urlFilter":"?from="},"id":638,"priority":3},
{"action":{"redirect":{"transform":{"query":""}},"type":"redirect"},"condition":{"initiatorDomains":["auto.ru"],"resourceTypes":["main_frame","xmlhttprequest"],"urlFilter":"?from=shapka"},"id":639,"priority":3},
{"action":{"redirect":{"transform":{"query":""}},"type":"redirect"},"condition":{"initiatorDomains":["sportmail.ru"],"resourceTypes":["main_frame","xmlhttprequest"],"urlFilter":"||sportmail.ru^*exp_id="},"id":640,"priority":3},
{"action":{"redirect":{"transform":{"queryTransform":{"removeParams":["referrer"]}}},"type":"redirect"},"condition":{"resourceTypes":["sub_frame"],"urlFilter":"||vk.com/widget_comments.php"},"id":641,"priority":2},
{"action":{"redirect":{"transform":{"queryTransform":{"removeParams":["iv_load_policy","rel"]}}},"type":"redirect"},"condition":{"resourceTypes":["sub_frame"],"urlFilter":"||youtube.com/embed/"},"id":642,"priority":2},
{"action":{"redirect":{"transform":{"queryTransform":{"removeParams":["app_id_mytracker","authid","back","dwhsplit","x-login-auth"]}}},"type":"redirect"},"condition":{"initiatorDomains":["mail.ru"],"resourceTypes":["main_frame"]},"id":643,"priority":2},
{"action":{"redirect":{"transform":{"queryTransform":{"removeParams":["clid"]}}},"type":"redirect"},"condition":{"initiatorDomains":["dzen.ru","ya.ru"],"resourceTypes":["main_frame"]},"id":644,"priority":2},
{"action":{"redirect":{"transform":{"queryTransform":{"removeParams":["fr","frm","hasnavig","sbmt","src","test_id","us","ushq","usln","usqid","usstr","ustq"]}}},"type":"redirect"},"condition":{"initiatorDomains":["r.mail.ru"],"resourceTypes":["main_frame"]},"id":645,"priority":2},
{"action":{"redirect":{"transform":{"queryTransform":{"removeParams":["int_cid"]}}},"type":"redirect"},"condition":{"initiatorDomains":["svoboda.org"],"resourceTypes":["main_frame"]},"id":646,"priority":2},
{"action":{"redirect":{"transform":{"queryTransform":{"removeParams":["npr"]}}},"type":"redirect"},"condition":{"initiatorDomains":["ya.ru"],"resourceTypes":["main_frame"]},"id":647,"priority":2},
{"action":{"redirect":{"transform":{"queryTransform":{"removeParams":["partner_user_id","rid"]}}},"type":"redirect"},"condition":{"initiatorDomains":["dzen.ru"],"resourceTypes":["main_frame"]},"id":648,"priority":2},
{"action":{"redirect":{"transform":{"queryTransform":{"removeParams":["srsltid"]}}},"type":"redirect"},"condition":{"resourceTypes":["main_frame"]},"id":649},
{"action":{"redirect":{"transform":{"query":""}},"type":"redirect"},"condition":{"excludedInitiatorDomains":["ozon.onelink.me"],"resourceTypes":["main_frame"],"urlFilter":"&ymclid="},"id":650,"priority":2},
{"action":{"redirect":{"transform":{"query":""}},"type":"redirect"},"condition":{"resourceTypes":["main_frame"],"urlFilter":".com/?_ga="},"id":651,"priority":2},
{"action":{"redirect":{"transform":{"query":""}},"type":"redirect"},"condition":{"resourceTypes":["main_frame"],"urlFilter":".net/?_ga="},"id":652,"priority":2},
{"action":{"redirect":{"transform":{"query":""}},"type":"redirect"},"condition":{"resourceTypes":["main_frame"],"urlFilter":".ru/?_ga="},"id":653,"priority":2},
{"action":{"redirect":{"transform":{"query":""}},"type":"redirect"},"condition":{"resourceTypes":["main_frame"],"urlFilter":".ua/?_ga="},"id":654,"priority":2},
{"action":{"redirect":{"transform":{"queryTransform":{"removeParams":["from","source"]}}},"type":"redirect"},"condition":{"initiatorDomains":["ya.ru"],"resourceTypes":["main_frame"],"urlFilter":"/*=tabbar"},"id":655,"priority":3},
{"action":{"redirect":{"transform":{"queryTransform":{"removeParams":["from"]}}},"type":"redirect"},"condition":{"initiatorDomains":["116.ru","14.ru","161.ru","164.ru","178.ru","26.ru","29.ru","35.ru","43.ru","45.ru","48.ru","51.ru","53.ru","56.ru","59.ru","60.ru","62.ru","63.ru","68.ru","71.ru","72.ru","74.ru","76.ru","86.ru","89.ru","93.ru","chita.ru","e1.ru","ircity.ru","mgorsk.ru","msk1.ru","ngs.ru","ngs22.ru","ngs24.ru","ngs42.ru","ngs55.ru","ngs70.ru","nn.ru","proizhevsk.ru","provoronezh.ru","sochi1.ru","sterlitamak1.ru","tolyatty.ru","ufa1.ru","v1.ru","vladivostok1.ru"],"resourceTypes":["main_frame"],"urlFilter":"/*from="},"id":656,"priority":3},
{"action":{"redirect":{"transform":{"queryTransform":{"removeParams":["partner"]}}},"type":"redirect"},"condition":{"resourceTypes":["main_frame"],"urlFilter":"/*utm_source="},"id":657,"priority":2},
{"action":{"redirect":{"transform":{"query":""}},"type":"redirect"},"condition":{"resourceTypes":["main_frame"],"urlFilter":"/?amp;utm_*ukr"},"id":658,"priority":2},
{"action":{"redirect":{"transform":{"query":""}},"type":"redirect"},"condition":{"resourceTypes":["main_frame"],"urlFilter":"/?f=ukr.net"},"id":659,"priority":2},
{"action":{"redirect":{"transform":{"queryTransform":{"removeParams":["from"]}}},"type":"redirect"},"condition":{"initiatorDomains":["mail.ru","sportmail.ru","vkplay.ru"],"resourceTypes":["main_frame"],"urlFilter":"/?from="},"id":660,"priority":3},
{"action":{"redirect":{"transform":{"queryTransform":{"removeParams":["from_block"]}}},"type":"redirect"},"condition":{"initiatorDomains":["www.kinopoisk.ru"],"resourceTypes":["main_frame"],"urlFilter":"/?from_block="},"id":661,"priority":3},
{"action":{"redirect":{"transform":{"queryTransform":{"removeParams":["gm"]}}},"type":"redirect"},"condition":{"initiatorDomains":["116.ru","14.ru","161.ru","164.ru","178.ru","26.ru","29.ru","35.ru","43.ru","45.ru","48.ru","51.ru","53.ru","56.ru","59.ru","60.ru","62.ru","63.ru","68.ru","71.ru","72.ru","74.ru","76.ru","86.ru","89.ru","93.ru","chita.ru","e1.ru","ircity.ru","mgorsk.ru","msk1.ru","ngs.ru","ngs22.ru","ngs24.ru","ngs42.ru","ngs55.ru","ngs70.ru","nn.ru","proizhevsk.ru","provoronezh.ru","sochi1.ru","sterlitamak1.ru","tolyatty.ru","ufa1.ru","v1.ru","vladivostok1.ru"],"resourceTypes":["main_frame"],"urlFilter":"/?gm&"},"id":662,"priority":3},
{"action":{"redirect":{"transform":{"queryTransform":{"removeParams":["ref"]}}},"type":"redirect"},"condition":{"resourceTypes":["main_frame"],"urlFilter":"/?ref=tg"},"id":663,"priority":2},
{"action":{"redirect":{"transform":{"queryTransform":{"removeParams":["msid","redircnt","search_domain","search_source","src","suggest_reqid"]}}},"type":"redirect"},"condition":{"initiatorDomains":["ya.ru"],"resourceTypes":["main_frame"],"urlFilter":"/search/"},"id":664,"priority":3},
{"action":{"redirect":{"transform":{"queryTransform":{"removeParams":["|utm_"]}}},"type":"redirect"},"condition":{"resourceTypes":["main_frame"],"urlFilter":"=ukraine_news&utm_"},"id":665,"priority":2},
{"action":{"redirect":{"transform":{"query":""}},"type":"redirect"},"condition":{"initiatorDomains":["ria.com"],"resourceTypes":["main_frame"],"urlFilter":"?*r_audience="},"id":666,"priority":3},
{"action":{"redirect":{"transform":{"query":""}},"type":"redirect"},"condition":{"initiatorDomains":["ria.com"],"resourceTypes":["main_frame"],"urlFilter":"?commercial="},"id":667,"priority":3},
{"action":{"redirect":{"transform":{"query":""}},"type":"redirect"},"condition":{"initiatorDomains":["sports.ru"],"resourceTypes":["main_frame"],"urlFilter":"?e=lfm"},"id":668,"priority":3},
{"action":{"redirect":{"transform":{"queryTransform":{"removeParams":["|from"]}}},"type":"redirect"},"condition":{"excludedInitiatorDomains":["auth.mail.ru"],"initiatorDomains":["3dnews.kz","3dnews.ru","7days.ru","auto.ru","autonews.ru","habr.com","igromania.ru","klops.ru","kommersant.ru","mail.ru","mk.ru","ntv.ru","ozon.ru","quote.ru","rbc.ru","rbclife.ru","ridus.ru","sportrbc.ru","sports.ru"],"resourceTypes":["main_frame"],"urlFilter":"?from="},"id":669,"priority":3},
{"action":{"redirect":{"transform":{"queryTransform":{"removeParams":["media"]}}},"type":"redirect"},"condition":{"resourceTypes":["main_frame"],"urlFilter":"?media&ila_camaign="},"id":670,"priority":2},
{"action":{"redirect":{"transform":{"query":""}},"type":"redirect"},"condition":{"initiatorDomains":["maximonline.ru"],"resourceTypes":["main_frame"],"urlFilter":"?previewtoken="},"id":671,"priority":3},
{"action":{"redirect":{"transform":{"queryTransform":{"removeParams":["|rcmd_"]}}},"type":"redirect"},"condition":{"initiatorDomains":["ria.ru"],"resourceTypes":["main_frame"],"urlFilter":"?rcmd_"},"id":672,"priority":3},
{"action":{"redirect":{"transform":{"queryTransform":{"removeParams":["|referrer_"]}}},"type":"redirect"},"condition":{"initiatorDomains":["mail.ru","sportmail.ru"],"resourceTypes":["main_frame"],"urlFilter":"?referrer_block="},"id":673,"priority":3},
{"action":{"redirect":{"transform":{"queryTransform":{"removeParams":["|ruid"]}}},"type":"redirect"},"condition":{"initiatorDomains":["autonews.ru","rbc.ru","sportrbc.ru"],"resourceTypes":["main_frame"],"urlFilter":"?ruid="},"id":674,"priority":3},
{"action":{"redirect":{"transform":{"query":""}},"type":"redirect"},"condition":{"resourceTypes":["main_frame"],"urlFilter":"?source=ukrnet"},"id":675,"priority":2},
{"action":{"redirect":{"transform":{"query":""}},"type":"redirect"},"condition":{"initiatorDomains":["youtube.com"],"resourceTypes":["main_frame"],"urlFilter":"?sub_confirmation=1"},"id":676,"priority":3},
{"action":{"redirect":{"transform":{"query":""}},"type":"redirect"},"condition":{"initiatorDomains":["3dnews.kz","3dnews.ru"],"resourceTypes":["main_frame"],"urlFilter":"?topblock"},"id":677,"priority":3},
{"action":{"redirect":{"transform":{"query":""}},"type":"redirect"},"condition":{"resourceTypes":["main_frame"],"urlFilter":"?ymclid="},"id":678,"priority":2},
{"action":{"redirect":{"transform":{"queryTransform":{"removeParams":["fbclid"]}}},"type":"redirect"},"condition":{"resourceTypes":["main_frame"],"urlFilter":"fbclid="},"id":679,"priority":2},
{"action":{"redirect":{"transform":{"query":""}},"type":"redirect"},"condition":{"initiatorDomains":["mail.ru","ok.ru"],"resourceTypes":["main_frame"],"urlFilter":"mt_click"},"id":680,"priority":3},
{"action":{"redirect":{"transform":{"queryTransform":{"removeParams":["|smotri_id"]}}},"type":"redirect"},"condition":{"initiatorDomains":["mail.ru"],"resourceTypes":["main_frame"],"urlFilter":"smotri_id="},"id":681,"priority":3},
{"action":{"redirect":{"transform":{"queryTransform":{"removeParams":["ig_rid"]}}},"type":"redirect"},"condition":{"initiatorDomains":["instagram.com"],"resourceTypes":["main_frame"],"urlFilter":"utm_"},"id":682,"priority":3},
{"action":{"redirect":{"transform":{"query":""}},"type":"redirect"},"condition":{"initiatorDomains":["finance.ua"],"resourceTypes":["main_frame"],"urlFilter":"||finance.ua/*?mpl="},"id":683,"priority":3},
{"action":{"redirect":{"transform":{"queryTransform":{"removeParams":["|recordid","|regionid","|source"]}}},"type":"redirect"},"condition":{"initiatorDomains":["fontanka.ru"],"resourceTypes":["main_frame"],"urlFilter":"||fontanka.ru/*/comments/"},"id":684,"priority":3},
{"action":{"redirect":{"transform":{"queryTransform":{"removeParams":["|pf_rd_"]}}},"type":"redirect"},"condition":{"initiatorDomains":["imdb.com"],"resourceTypes":["main_frame"],"urlFilter":"||imdb.com/*pf_rd_"},"id":685,"priority":3},
{"action":{"redirect":{"transform":{"queryTransform":{"removeParams":["|ref_"]}}},"type":"redirect"},"condition":{"initiatorDomains":["imdb.com"],"resourceTypes":["main_frame"],"urlFilter":"||imdb.com/*ref_="},"id":686,"priority":3},
{"action":{"redirect":{"transform":{"query":""}},"type":"redirect"},"condition":{"initiatorDomains":["mail.ru"],"resourceTypes":["main_frame"],"urlFilter":"||mail.ru^*exp_id="},"id":687,"priority":3},
{"action":{"redirect":{"transform":{"queryTransform":{"removeParams":["ref"]}}},"type":"redirect"},"condition":{"initiatorDomains":["my.mail.ru"],"resourceTypes":["main_frame"],"urlFilter":"||my.mail.ru/apps"},"id":688,"priority":3},
{"action":{"redirect":{"transform":{"queryTransform":{"removeParams":["/cdom/i"]}}},"type":"redirect"},"condition":{"domainType":"firstParty","initiatorDomains":["3dnews.kz","3dnews.ru"],"resourceTypes":["main_frame","sub_frame","xmlhttprequest"]},"id":689,"priority":2}
]
