[
    {
        "include": [
            "*://*.amazon.ae/*",
            "*://*.amazon.ca/*",
            "*://*.amazon.cn/*",
            "*://*.amazon.co.jp/*",
            "*://*.amazon.co.uk/*",
            "*://*.amazon.com/*",
            "*://*.amazon.com.au/*",
            "*://*.amazon.com.be/*",
            "*://*.amazon.com.br/*",
            "*://*.amazon.com.mx/*",
            "*://*.amazon.com.tr/*",
            "*://*.amazon.de/*",
            "*://*.amazon.eg/*",
            "*://*.amazon.es/*",
            "*://*.amazon.fr/*",
            "*://*.amazon.in/*",
            "*://*.amazon.it/*",
            "*://*.amazon.nl/*",
            "*://*.amazon.pl/*",
            "*://*.amazon.sa/*",
            "*://*.amazon.se/*",
            "*://*.amazon.sg/*"
        ],
        "exclude": [

        ],
        "params": [
            "ascsubtag",
            "dib",
            "dib_tag",
            "geniuslink",
            "keywords",
            "th",
            "content-id",
            "linkCode",
            "tag",
            "crid",
            "pd_rd_i",
            "pd_rd_r",
            "pd_rd_w",
            "pd_rd_wg",
            "pf_rd_i",
            "pf_rd_m",
            "pf_rd_p",
            "pf_rd_r",
            "pf_rd_s",
            "pf_rd_t",
            "qid",
            "ref",
            "refinements",
            "rnid",
            "social_share",
            "sprefix"
        ]
    },
    {
        "include": [
            "*://new.reddit.com/*",
            "*://old.reddit.com/*",
            "*://www.reddit.com/*"
        ],
        "exclude": [

        ],
        "params": [
            "correlation_id",
            "post_fullname",
            "ref",
            "ref_campaign",
            "ref_source",
            "share_id"
        ]
    },
    {
        "include": [
            "https://*.app.link/*"
        ],
        "exclude": [

        ],
        "params": [
             "cjevent",
             "click_id"
        ]
    },
    {
        "include": [
            "https://www.goodreads.com/book/show/*"
        ],
        "exclude": [

        ],
        "params": [
             "from_search",
             "from_srp",
             "qid",
             "rank"
        ]
    },
    {
        "include": [
            "*://www.ft.com/*",
            "*://*.linkedin.com/*",
            "*://therecord.media/*"
        ],
        "exclude": [

        ],
        "params": [
             "trk"
        ]
    },
    {
        "include": [
            "*://*.cbsnews.com/*",
            "*://*.cbssports.com/*",
            "*://*.cnet.com/*",
            "*://*.gamespot.com/*",
            "*://*.insideedition.com/*",
            "*://*.paramountplus.com/*"
        ],
        "exclude": [

        ],
        "params": [
             "ftag",
             "intcid",
             "linkId"
        ]
    },
    {
        "include": [
            "*://www.zoopla.co.uk/*"
        ],
        "exclude": [

        ],
        "params": [
             "search_identifier"
        ]
    },
    {
        "include": [
            "*://*.bandcamp.com/*"
        ],
        "exclude": [

        ],
        "params": [
            "from"
        ]
    },
    {
        "include": [
            "*://www.gofundme.com/*"

        ],
        "exclude": [

        ],
        "params": [
            "attribution_id"
        ]
    },
    {
        "include": [
            "*://gamefound.com/*"
        ],
        "exclude": [

        ],
        "params": [
            "ref",
            "refcode"
        ]
    },
    {
        "include": [
            "*://*.washingtonpost.com/*"
        ],
        "exclude": [

        ],
        "params": [
            "itid"
        ]
    },
    {
        "include": [
            "*://*.ticketweb.ca/*",
            "*://*.ticketweb.com/*",
            "*://*.ticketweb.ie/*",
            "*://*.ticketweb.uk/*"
        ],
        "exclude": [

        ],
        "params": [
            "REFERRAL_ID"
        ]
    },
    {
        "include": [
            "*://*.imdb.com/*"
        ],
        "exclude": [

        ],
        "params": [
            "pf_rd_m",
            "pf_rd_p",
            "pf_rd_r",
            "pf_rd_s",
            "pf_rd_t",
            "pf_rd_i",
            "ref_"
        ]
    },
    {
        "include": [
            "*://*.ebay.com/itm/*",
            "*://www.ebay.at/itm/*",
            "*://www.ebay.ca/itm/*",
            "*://www.ebay.co.uk/itm/*",
            "*://www.ebay.com.au/itm/*",
            "*://www.ebay.com.sg/itm/*",
            "*://www.ebay.de/itm/*",
            "*://www.ebay.es/itm/*",
            "*://www.ebay.ie/itm/*",
            "*://www.ebay.fr/itm/*",
            "*://www.ebay.it/itm/*",
            "*://www.ebay.ch/itm/*",
            "*://www.ebay.nl/itm/*",
            "*://www.ebay.pl/itm/*"
        ],
        "exclude": [

        ],
        "params": [
            "media",
	    "mkcid",
            "mkevt",
            "ssspo",
            "ssrc",
	    "ssuid",
            "widget_ver"
        ]
    },
    {
        "include": [
            "*://www.instagram.com/*"
        ],
        "exclude": [

        ],
        "params": [
            "igsh",
            "igshid",
            "ig_rid"
        ]
    },
    {
        "include": [
            "*://*.twitter.com/*",
            "*://*.x.com/*"
        ],
        "exclude": [
            "*://*.twitter.com/i/redirect?*",
            "*://*.x.com/i/redirect?*"
        ],
        "params": [
            "cxt",
            "ref_src",
            "ref_url",
            "s",
            "t"
        ]
    },
    {
        "include": [
            "*://hbr.org/*",
            "*://techcrunch.com/*"
        ],
        "exclude": [

        ],
        "params": [
            "tpcc"
        ]
    },
    {
        "include": [
            "*://www.wsj.com/*"
        ],
        "exclude": [

        ],
        "params": [
            "reflink",
            "st",
            "mod"
        ]
    },
    {
        "include": [
            "*://ici.radio-canada.ca/*",
            "*://radio-canada.ca/*"
        ],
        "exclude": [

        ],
        "params": [
            "partageApp"
        ]
    },
    {
        "include": [
            "*://actionnetwork.org/*",
            "*://*.bamboohr.com/careers/*",
            "*://www.tumblr.com/*",
            "*://medium.com/*"
        ],
        "exclude": [

        ],
        "params": [
            "source"
        ]
    },
    {
        "include": [
            "*://www.zillow.com/*"
        ],
        "exclude": [

        ],
        "params": [
            "rtoken"
        ]
    },
    {
        "include": [
            "*://feverup.com/*"
        ],
        "exclude": [

        ],
        "params": [
            "CAMEFROM"
        ]
    },
    {
        "include": [
            "*://www.linkedin.com/in/*"
        ],
        "exclude": [

        ],
        "params": [
            "trackingCode",
            "trackingId",
            "original_referer"
        ]
    },
    {
        "include": [
            "*://www.linkedin.com/help/*"
        ],
        "exclude": [

        ],
        "params": [
            "mcid",
            "src"
        ]
    },
    {
        "include": [
            "*://open.spotify.com/*"
        ],
        "exclude": [

        ],
        "params": [
            "si"
        ]
    },
    {
        "include": [
            "*://youtu.be/*",
            "*://*.youtube.com/watch?*"
        ],
        "exclude": [

        ],
        "params": [
            "app",
            "embeds_euri",
            "embeds_loader_url_for_pings",
            "embeds_origin",
            "feature",
            "pp",
            "si",
            "source_ve_path"
        ]
    },
    {
        "include": [
            "*://www.limesonline.com/*",
            "*://www.lastampa.it/*",
            "*://laprovinciapavese.gelocal.it/*",
            "*://lasentinella.gelocal.it/*",
            "*://www.huffingtonpost.it/*",
            "*://www.ilsecoloxix.it/*",
            "*://eprint.iacr.org/*",
            "*://*.goodreads.com/*",
            "*://hackernoon.com/*",
            "*://www.backerkit.com/*",
            "*://*.kickstarter.com/*"
        ],
        "exclude": [

        ],
        "params": [
            "ref"
        ]
    },
    {
        "include": [
            "*://*.tiktok.com/*"
        ],
        "exclude": [

        ],
        "params": [
            "embed_source",
            "refer",
            "referer_url",
            "referer_video_id"
        ]
    },
    {
        "include": [
            "*://*.bloomberglaw.com/*",
            "*://*.bloomberg.com/*"
        ],
        "exclude": [

        ],
        "params": [
            "trk",
            "in_source",
            "leadSource",
            "srnd"
        ]
    },
    {
        "include": [
            "*://*.aliexpress.com/item/*"
        ],
        "exclude": [

        ],
        "params": [
            "algo_exp_id",
            "pdp_npi",
            "curPageLogUid"
        ]
    },
    {
        "include": [
            "*://*/*"
        ],
        "exclude": [
            "*://app.hive.co/*"
        ],
        "params": [
            "h_sid",
            "h_slt"
        ]
    },
    {
        "include": [
            "*://*.eventbrite.at/*",
            "*://*.eventbrite.be/*",
            "*://*.eventbrite.ca/*",
            "*://*.eventbrite.ch/*",
            "*://*.eventbrite.cl/*",
            "*://*.eventbrite.co/*",
            "*://*.eventbrite.com.ar/*",
            "*://*.eventbrite.com.au/*",
            "*://*.eventbrite.com.br/*",
            "*://*.eventbrite.com.mx/*",
            "*://*.eventbrite.com.pe/*",
            "*://*.eventbrite.co.nz/*",
            "*://*.eventbrite.co.uk/*",
            "*://*.eventbrite.de/*",
            "*://*.eventbrite.dk/*",
            "*://*.eventbrite.es/*",
            "*://*.eventbrite.fi/*",
            "*://*.eventbrite.fr/*",
            "*://*.eventbrite.hk/*",
            "*://*.eventbrite.ie/*",
            "*://*.eventbrite.it/*",
            "*://*.eventbrite.nl/*",
            "*://*.eventbrite.pt/*",
            "*://*.eventbrite.se/*",
            "*://*.eventbrite.sg/*",
            "*://*.eventbrite.com/*"
        ],
        "exclude": [

        ],
        "params": [
            "utm-campaign",
            "utm-content",
            "utm-experiment",
            "utm-medium",
            "utm-share-source",
            "utm-source",
            "utm-term",
            "aff",
            "can_id",
            "email_referrer",
            "email_subject",
            "link_id",
            "ref",
            "source"
        ]
    },
    {
        "include": [
            "*://*.seek.com.au/*",
            "*://*.seek.co.nz/*"
        ],
        "exclude": [

        ],
        "params": [
            "tracking"
        ]
    },
    {
        "include": [
            "*://mailchi.mp/*"
        ],
        "exclude": [

        ],
        "params": [
            "e"
        ]
    },
    {
        "include": [
            "*://*.songkick.com/*"
        ],
        "exclude": [

        ],
        "params": [
            "deep_link_campaign",
            "deep_link_medium",
            "deep_link_source"
        ]
    },
    {
        "include": [
            "*://*.humblebundle.com/*"
        ],
        "exclude": [

        ],
        "params": [
            "hmb_campaign",
            "hmb_medium",
            "hmb_source"
        ]
    },
    {
        "include": [
            "*://ctr.narvar.com/*/tracking/*"
        ],
        "exclude": [

        ],
        "params": [
            "destination_country",
            "dzip",
            "order_number",
            "origin_country",
            "ozip",
            "service"
        ]
    },
    {
        "include": [
            "*://dice.fm/event/*"
        ],
        "exclude": [

        ],
        "params": [
            "cid1",
            "cid2",
            "pid"
        ]
    },
    {
        "include": [
            "*://*.nytimes.com/*"
        ],
        "exclude": [

        ],
        "params": [
            "referringSource",
            "sgrp",
            "smid",
            "ugrp"
        ]
    },
    {
        "include": [
            "*://arstechnica.com/*",
            "*://pitchfork.com/*",
            "*://www.allure.com/*",
            "*://www.architecturaldigest.com/*",
            "*://www.bonappetit.com/*",
            "*://www.cntraveler.com/*",
            "*://www.epicurious.com/*",
            "*://www.glamour.com/*",
            "*://www.gq.com/*",
            "*://www.gq-magazine.co.uk/*",
            "*://www.gqitalia.it/*",
            "*://www.gqmagazine.fr/*",
            "*://www.newyorker.com/*",
            "*://www.self.com/*",
            "*://www.them.us/*",
            "*://www.teenvogue.com/*",
            "*://www.vanityfair.com/*",
            "*://www.vogue.com/*",
            "*://www.wired.com/*",
            "*://www.wired.co.uk/*"
        ],
        "exclude": [

        ],
        "params": [
            "bxid",
            "cndid",
            "esrc",
            "hasha",
            "hashb",
            "hashc",
            "source",
            "mbid"
        ]
    },
    {
        "include": [
            "*://*/*"
        ],
        "exclude": [
            "https://urldefense.com/v3/*"
        ],
        "params": [
            "_branch_referrer",
            "_branch_match_id",
            "__hssc",
            "__hstc",
            "_hsenc",
            "_hsmi",
            "hsCtaTracking",
            "_bhlid",
            "cm_cr",
            "cm_me",
            "cm_re",
            "cm_sp",
            "cm_mmc",
            "cm_mmca1",
            "cm_mmca2",
            "cm_mmca3",
            "cm_mmca4",
            "cm_mmca5",
            "cm_mmca6",
            "cm_mmca7",
            "cm_mmca8",
            "cm_mmca9",
            "cm_mmca10",
            "cm_mmca11",
            "cm_mmca12",
            "cm_mmca13",
            "cm_mmca14",
            "cm_mmca15",
            "hsa_acc",
            "hsa_ad",
            "hsa_cam",
            "hsa_grp",
            "hsa_kw",
            "hsa_la",
            "hsa_mt",
            "hsa_net",
            "hsa_ol",
            "hsa_src",
            "hsa_tgt",
            "hsa_ver",
            "action_object_map",
            "action_ref_map",
            "action_type_map",
            "fb_action_ids",
            "fb_action_types",
            "fb_comment_id",
            "fb_ref",
            "fb_source",
            "irclickid",
            "irgwc",
            "ir_adid",
            "ir_campaignid",
            "ir_partnerid",
            "yadclid",
            "yadordid",
            "yclid",
            "ymclid",
            "ysclid",
            "cx_click",
            "cx_recsOrder",
            "cx_recsWidget",
            "at_campaign",
            "at_campaign_type",
            "at_channel",
            "at_creation",
            "at_custom1",
            "at_custom2",
            "at_custom3",
            "at_custom4",
            "at_detail_placement",
            "at_emailtype",
            "at_format",
            "at_format",
            "at_general_placement",
            "at_identifier",
            "at_link",
            "at_link_id",
            "at_link_origin",
            "at_link_type",
            "at_medium",
            "at_network",
            "at_platform",
            "at_ptr_name",
            "at_recipient_id",
            "at_recipient_list",
            "at_send_date",
            "at_term",
            "at_type",
            "at_variant",
            "brave-campaign-id",
            "brave-creative-id",
            "brave-creative-set-id",
            "et_cid",
            "et_lid",
            "et_rid",
            "ml_sub",
            "ml_sub_hash",
            "ml_subscriber",
            "ml_subscriber_hash",
            "mc_cid",
            "nb_adid",
            "nb_aname",
            "nb_asize",
            "nb_atype",
            "nb_cid",
            "nb_mtype",
            "nb_partner_name",
            "nb_partner_shared_id",
            "nb_pid",
            "nb_platform",
            "nb_product_sku",
            "s_campaign",
            "ss_campaign_id",
            "ss_campaign_name",
            "ss_campaign_sent_date",
            "ss_source",
            "mtm_campaign",
            "mtm_cid",
            "mtm_content",
            "mtm_group",
            "mtm_keyword",
            "mtm_kwd",
            "mtm_medium",
            "mtm_placement",
            "mtm_source",
            "piwik_campaign",
            "piwik_kwd",
            "pk_campaign",
            "pk_cid",
            "pk_content",
            "pk_cpn",
            "pk_keyword",
            "pk_kwd",
            "pk_medium",
            "pk_source",
            "utm_ad",
            "utm_affiliate",
            "utm_brand",
            "utm_campaign",
            "utm_campaigncode",
            "utm_campaignid",
            "utm_channel",
            "utm_cid",
            "utm_content",
            "utm_creative",
            "utm_creative_format",
            "utm_device",
            "utm_emcid",
            "utm_emmid",
            "utm_id",
            "utm_internal",
            "utm_keyword",
            "utm_mailing",
            "utm_marketing_tactic",
            "utm_medium",
            "utm_name",
            "utm_place",
            "utm_product",
            "utm_pubreferrer",
            "utm_reader",
            "utm_referrer",
            "utm_serial",
            "utm_session",
            "utm_siteid",
            "utm_social",
            "utm_social-type",
            "utm_source",
            "utm_source_platform",
            "utm_supplier",
            "utm_swu",
            "utm_term",
            "utm_umguk",
            "utm_userid",
            "utm_viz_id",
            "srsltid",
            "gbraid",
            "wbraid",
            "gclsrc",
            "gclid",
            "usqp",
            "guccounter",
            "guce_referrer",
            "guce_referrer_sig",
            "ex_cid"
        ]
    },
    {
        "include": [
            "*://*.threads.net/*"
        ],
        "exclude": [

        ],
        "params": [
            "xmt"
        ]
    },
    {
        "include": [
            "https://dev-pages.bravesoftware.com/clean-urls/*"
        ],
        "exclude": [
            "https://dev-pages.bravesoftware.com/clean-urls/exempted/*"
        ],
        "params": [
            "brave_testing1",
            "brave_testing2"
        ]
    }
]
