[
{
 "action": {
  "responseHeaders": [
   {
    "header": "content-security-policy",
    "operation": "append",
    "value": "worker-src 'none'"
   }
  ],
  "type": "modifyHeaders"
 },
 "condition": {
  "initiatorDomains": [
   "atk-exotics.com",
   "atkebony.com",
   "centrum-dramy.pl",
   "chemikino.ru",
   "coinfaucet.eu",
   "crictime.com",
   "crictime.is",
   "deltabit.co",
   "descargas2020.com",
   "domnuleprimar.ro",
   "fileone.tv",
   "filmovix.com",
   "filmovix.net",
   "filmovix.org",
   "firstone.tv",
   "firstonetv.eu",
   "firstonetv.live",
   "funtik.tv",
   "genashowalter.com",
   "hdvid.tv",
   "highstream.tv",
   "ianimes.org",
   "lewd.ninja",
   "nahnoji.cz",
   "neurozinzin.com",
   "novator.az",
   "onion.ly",
   "onion.pet",
   "ovid.tv",
   "peliculas24.me",
   "powvideo.net",
   "salon.com",
   "shush.se",
   "sickrage.ca",
   "studio100.it",
   "tapemovie.com",
   "theappguruz.com",
   "thepiratebay.org",
   "tubetitties.com",
   "vidoza.co",
   "void.cat"
  ],
  "resourceTypes": [
   "main_frame",
   "sub_frame"
  ]
 },
 "id": 1
},
{
 "action": {
  "responseHeaders": [
   {
    "header": "content-security-policy",
    "operation": "append",
    "value": "sandbox allow-forms allow-same-origin allow-scripts allow-modals allow-orientation-lock allow-pointer-lock allow-presentation allow-top-navigation"
   }
  ],
  "type": "modifyHeaders"
 },
 "condition": {
  "requestDomains": [
   "japscan.lol"
  ],
  "resourceTypes": [
   "main_frame",
   "sub_frame"
  ]
 },
 "id": 2
},
{
 "action": {
  "responseHeaders": [
   {
    "header": "content-security-policy",
    "operation": "append",
    "value": "frame-src 'none' http: https:"
   }
  ],
  "type": "modifyHeaders"
 },
 "condition": {
  "requestDomains": [
   "istreamsport.com"
  ],
  "resourceTypes": [
   "main_frame",
   "sub_frame"
  ]
 },
 "id": 6455
},
{
 "action": {
  "responseHeaders": [
   {
    "header": "content-security-policy",
    "operation": "append",
    "value": "script-src 'self' 'unsafe-inline' apis.google.com www.ultimedia.com"
   }
  ],
  "type": "modifyHeaders"
 },
 "condition": {
  "requestDomains": [
   "pblv-plusbellelavie.fr"
  ],
  "resourceTypes": [
   "main_frame",
   "sub_frame"
  ]
 },
 "id": 6456
},
{
 "action": {
  "responseHeaders": [
   {
    "header": "content-security-policy",
    "operation": "append",
    "value": "img-src 'none' http: https:"
   },
   {
    "header": "content-security-policy",
    "operation": "append",
    "value": "media-src 'none' http: https:"
   }
  ],
  "type": "modifyHeaders"
 },
 "condition": {
  "requestDomains": [
   "porndoe.com"
  ],
  "resourceTypes": [
   "main_frame",
   "sub_frame"
  ]
 },
 "id": 6457
},
{
 "action": {
  "responseHeaders": [
   {
    "header": "content-security-policy",
    "operation": "append",
    "value": "script-src 'self' 'unsafe-inline' *.google.com *.gstatic.com *.wp.com"
   }
  ],
  "type": "modifyHeaders"
 },
 "condition": {
  "requestDomains": [
   "streamingqc.com"
  ],
  "resourceTypes": [
   "main_frame",
   "sub_frame"
  ]
 },
 "id": 6458
}
]
