[
{"action":{"type":"block"},"condition":{"urlFilter":"-facebook-likebutton-"},"id":1,"priority":10},
{"action":{"type":"block"},"condition":{"urlFilter":"-facebook-share."},"id":2,"priority":10},
{"action":{"type":"block"},"condition":{"urlFilter":"-facebook-widget."},"id":3,"priority":10},
{"action":{"type":"block"},"condition":{"urlFilter":"-follow-icon-"},"id":4,"priority":10},
{"action":{"type":"block"},"condition":{"urlFilter":"-follow-icons."},"id":5,"priority":10},
{"action":{"type":"block"},"condition":{"urlFilter":"-follow-us-icons."},"id":6,"priority":10},
{"action":{"type":"block"},"condition":{"urlFilter":"-followicons."},"id":7,"priority":10},
{"action":{"type":"block"},"condition":{"excludedResourceTypes":["main_frame","stylesheet"],"urlFilter":"-share-bar/"},"id":8,"priority":10},
{"action":{"type":"block"},"condition":{"urlFilter":"-share-buttons2."},"id":9,"priority":10},
{"action":{"type":"block"},"condition":{"excludedResourceTypes":["main_frame","stylesheet"],"urlFilter":"-share-buttons3/"},"id":10,"priority":10},
{"action":{"type":"block"},"condition":{"urlFilter":"-share-sprite-"},"id":11,"priority":10},
{"action":{"type":"block"},"condition":{"urlFilter":"-share-sprite."},"id":12,"priority":10},
{"action":{"type":"block"},"condition":{"urlFilter":"-share-tools-"},"id":13,"priority":10},
{"action":{"type":"block"},"condition":{"urlFilter":"-sharebar-"},"id":14,"priority":10},
{"action":{"type":"block"},"condition":{"urlFilter":"-sharebar."},"id":15,"priority":10},
{"action":{"type":"block"},"condition":{"urlFilter":"-sharebutton2."},"id":16,"priority":10},
{"action":{"type":"block"},"condition":{"urlFilter":"-sharebuttons_"},"id":17,"priority":10},
{"action":{"type":"block"},"condition":{"urlFilter":"-sharetools-"},"id":18,"priority":10},
{"action":{"type":"block"},"condition":{"urlFilter":"-sharewidget."},"id":19,"priority":10},
{"action":{"type":"block"},"condition":{"urlFilter":"-slide-social-"},"id":20,"priority":10},
{"action":{"type":"block"},"condition":{"urlFilter":"-social-panel."},"id":21,"priority":10},
{"action":{"type":"block"},"condition":{"urlFilter":"-social-panel/"},"id":22,"priority":10},
{"action":{"type":"block"},"condition":{"urlFilter":"-social-sidebar."},"id":23,"priority":10},
{"action":{"type":"block"},"condition":{"urlFilter":"-social-sidebar/"},"id":24,"priority":10},
{"action":{"type":"block"},"condition":{"urlFilter":"-social-slider/"},"id":25,"priority":10},
{"action":{"type":"block"},"condition":{"urlFilter":"-sprite-social-"},"id":26,"priority":10},
{"action":{"type":"block"},"condition":{"urlFilter":".fbshare.js"},"id":27,"priority":10},
{"action":{"type":"block"},"condition":{"urlFilter":".sharebar.js"},"id":28,"priority":10},
{"action":{"type":"block"},"condition":{"urlFilter":".sharing.js"},"id":29,"priority":10},
{"action":{"type":"block"},"condition":{"urlFilter":"/a2a_share_"},"id":30,"priority":10},
{"action":{"type":"block"},"condition":{"urlFilter":"/accesspress-social-counter/"},"id":31,"priority":10},
{"action":{"type":"block"},"condition":{"urlFilter":"/add-mymsn2.gif"},"id":32,"priority":10},
{"action":{"type":"block"},"condition":{"urlFilter":"/addthis_widget.js"},"id":33,"priority":10},
{"action":{"type":"block"},"condition":{"urlFilter":"/addtoany.min.js"},"id":34,"priority":10},
{"action":{"type":"block"},"condition":{"urlFilter":"/advanced-social-widget.js"},"id":35,"priority":10},
{"action":{"type":"block"},"condition":{"urlFilter":"/article-social/"},"id":36,"priority":10},
{"action":{"type":"block"},"condition":{"urlFilter":"/ashare.js"},"id":37,"priority":10},
{"action":{"type":"block"},"condition":{"urlFilter":"/ayoshare.js"},"id":38,"priority":10},
{"action":{"type":"block"},"condition":{"urlFilter":"/badge_twitter.jpg"},"id":39,"priority":10},
{"action":{"type":"block"},"condition":{"urlFilter":"/badge_twitter.png"},"id":40,"priority":10},
{"action":{"type":"block"},"condition":{"urlFilter":"/banner-social.jpg"},"id":41,"priority":10},
{"action":{"type":"block"},"condition":{"urlFilter":"/banner-social.png"},"id":42,"priority":10},
{"action":{"type":"block"},"condition":{"urlFilter":"/banner/social/"},"id":43,"priority":10},
{"action":{"type":"block"},"condition":{"urlFilter":"/bottom-facebook.jpg"},"id":44,"priority":10},
{"action":{"type":"block"},"condition":{"urlFilter":"/bottom-facebook.png"},"id":45,"priority":10},
{"action":{"type":"block"},"condition":{"urlFilter":"/bottom-twitter.jpg"},"id":46,"priority":10},
{"action":{"type":"block"},"condition":{"urlFilter":"/bottom-twitter.png"},"id":47,"priority":10},
{"action":{"type":"block"},"condition":{"urlFilter":"/button_share.png"},"id":48,"priority":10},
{"action":{"type":"block"},"condition":{"urlFilter":"/cevhershare.js"},"id":49,"priority":10},
{"action":{"type":"block"},"condition":{"urlFilter":"/common/sns/"},"id":50,"priority":10},
{"action":{"type":"block"},"condition":{"urlFilter":"/common/sns_"},"id":51,"priority":10},
{"action":{"type":"block"},"condition":{"urlFilter":"/commons/social/"},"id":52,"priority":10},
{"action":{"type":"block"},"condition":{"urlFilter":"/commonsprites/social/"},"id":53,"priority":10},
{"action":{"type":"block"},"condition":{"urlFilter":"/cool-share/plugin.js"},"id":54,"priority":10},
{"action":{"type":"block"},"condition":{"urlFilter":"/diggdigg-floating-bar.js"},"id":55,"priority":10},
{"action":{"type":"block"},"condition":{"urlFilter":"/ej-socialslider/static/slideout.js"},"id":56,"priority":10},
{"action":{"type":"block"},"condition":{"urlFilter":"/facebook-page-promoter-lightbox/includes/launch/launch.min.js"},"id":57,"priority":10},
{"action":{"type":"block"},"condition":{"urlFilter":"/facebook-pagelike-widget/fb.js"},"id":58,"priority":10},
{"action":{"type":"block"},"condition":{"urlFilter":"/facebook-popup-"},"id":59,"priority":10},
{"action":{"type":"block"},"condition":{"urlFilter":"/facebook-side.jpg"},"id":60,"priority":10},
{"action":{"type":"block"},"condition":{"urlFilter":"/facebook-side.png"},"id":61,"priority":10},
{"action":{"type":"block"},"condition":{"urlFilter":"/facebook-vertical.png"},"id":62,"priority":10},
{"action":{"type":"block"},"condition":{"urlFilter":"/facebook-vertical.svg"},"id":63,"priority":10},
{"action":{"type":"block"},"condition":{"urlFilter":"/facebook_badge.gif"},"id":64,"priority":10},
{"action":{"type":"block"},"condition":{"urlFilter":"/facebook_badge.jpg"},"id":65,"priority":10},
{"action":{"type":"block"},"condition":{"urlFilter":"/facebook_badge.png"},"id":66,"priority":10},
{"action":{"type":"block"},"condition":{"urlFilter":"/facebook_footer.png"},"id":67,"priority":10},
{"action":{"type":"block"},"condition":{"urlFilter":"/facebook_footer.svg"},"id":68,"priority":10},
{"action":{"type":"block"},"condition":{"urlFilter":"/facebook_like_button.png"},"id":69,"priority":10},
{"action":{"type":"block"},"condition":{"urlFilter":"/facebook_sidebar.jpg"},"id":70,"priority":10},
{"action":{"type":"block"},"condition":{"urlFilter":"/facebook_sidebar.png"},"id":71,"priority":10},
{"action":{"type":"block"},"condition":{"urlFilter":"/facebook_sidebar.svg"},"id":72,"priority":10},
{"action":{"type":"block"},"condition":{"urlFilter":"/facebook_social.png"},"id":73,"priority":10},
{"action":{"type":"block"},"condition":{"urlFilter":"/facebook_top_icon.png"},"id":74,"priority":10},
{"action":{"type":"block"},"condition":{"urlFilter":"/facebookbadge.gif"},"id":75,"priority":10},
{"action":{"type":"block"},"condition":{"urlFilter":"/facebookbadge.jpg"},"id":76,"priority":10},
{"action":{"type":"block"},"condition":{"urlFilter":"/facebookbadge.png"},"id":77,"priority":10},
{"action":{"type":"block"},"condition":{"urlFilter":"/facebookbtmicon.gif"},"id":78,"priority":10},
{"action":{"type":"block"},"condition":{"urlFilter":"/facebookheader.png"},"id":79,"priority":10},
{"action":{"type":"block"},"condition":{"urlFilter":"/facebooksharebutton.png"},"id":80,"priority":10},
{"action":{"type":"block"},"condition":{"urlFilter":"/facebooksocialplugins.js"},"id":81,"priority":10},
{"action":{"type":"block"},"condition":{"urlFilter":"/facebooksquare.jpg"},"id":82,"priority":10},
{"action":{"type":"block"},"condition":{"urlFilter":"/facebooksquare.png"},"id":83,"priority":10},
{"action":{"type":"block"},"condition":{"urlFilter":"/facebooktrafficdriver.min.js"},"id":84,"priority":10},
{"action":{"type":"block"},"condition":{"urlFilter":"/facebookwidget.js"},"id":85,"priority":10},
{"action":{"type":"block"},"condition":{"urlFilter":"/fb-like-pop.js"},"id":86,"priority":10},
{"action":{"type":"block"},"condition":{"urlFilter":"/fb-pixel.js"},"id":87,"priority":10},
{"action":{"type":"block"},"condition":{"urlFilter":"/fb-traffic-pop.css"},"id":88,"priority":10},
{"action":{"type":"block"},"condition":{"urlFilter":"/fb-traffic-pop.min.js"},"id":89,"priority":10},
{"action":{"type":"block"},"condition":{"urlFilter":"/fb-widget.jpg"},"id":90,"priority":10},
{"action":{"type":"block"},"condition":{"urlFilter":"/fb-widget.js"},"id":91,"priority":10},
{"action":{"type":"block"},"condition":{"urlFilter":"/fb-widget.png"},"id":92,"priority":10},
{"action":{"type":"block"},"condition":{"urlFilter":"/fb_modeles.css"},"id":93,"priority":10},
{"action":{"type":"block"},"condition":{"urlFilter":"/fb_side.jpg"},"id":94,"priority":10},
{"action":{"type":"block"},"condition":{"urlFilter":"/fb_side.png"},"id":95,"priority":10},
{"action":{"type":"block"},"condition":{"urlFilter":"/fbfooter.png"},"id":96,"priority":10},
{"action":{"type":"block"},"condition":{"urlFilter":"/fbfooter.svg"},"id":97,"priority":10},
{"action":{"type":"block"},"condition":{"urlFilter":"/fbpop.js"},"id":98,"priority":10},
{"action":{"type":"block"},"condition":{"urlFilter":"/fbshare.jpg"},"id":99,"priority":10},
{"action":{"type":"block"},"condition":{"urlFilter":"/fbshare.js"},"id":100,"priority":10},
{"action":{"type":"block"},"condition":{"urlFilter":"/fbshare.png"},"id":101,"priority":10},
{"action":{"type":"block"},"condition":{"urlFilter":"/fbshare2.jpg"},"id":102,"priority":10},
{"action":{"type":"block"},"condition":{"urlFilter":"/fbshare2.png"},"id":103,"priority":10},
{"action":{"type":"block"},"condition":{"urlFilter":"/floating-social-bar/js/fsb.js"},"id":104,"priority":10},
{"action":{"type":"block"},"condition":{"urlFilter":"/floating-wpp.min.js"},"id":105,"priority":10},
{"action":{"type":"block"},"condition":{"urlFilter":"/flw-twitter.png"},"id":106,"priority":10},
{"action":{"type":"block"},"condition":{"urlFilter":"/follow-linkedin.jpg"},"id":107,"priority":10},
{"action":{"type":"block"},"condition":{"urlFilter":"/follow-twitter-"},"id":108,"priority":10},
{"action":{"type":"block"},"condition":{"urlFilter":"/follow-twitter."},"id":109,"priority":10},
{"action":{"type":"block"},"condition":{"excludedResourceTypes":["main_frame","stylesheet"],"urlFilter":"/follow-us."},"id":110,"priority":10},
{"action":{"type":"block"},"condition":{"urlFilter":"/follow-widget.js"},"id":111,"priority":10},
{"action":{"type":"block"},"condition":{"urlFilter":"/follow_instagram.png"},"id":112,"priority":10},
{"action":{"type":"block"},"condition":{"urlFilter":"/followusontwitter.jpg"},"id":113,"priority":10},
{"action":{"type":"block"},"condition":{"urlFilter":"/followusontwitter.png"},"id":114,"priority":10},
{"action":{"type":"block"},"condition":{"urlFilter":"/gadgets/social/"},"id":115,"priority":10},
{"action":{"type":"block"},"condition":{"urlFilter":"/gen-share-master/assets/js/frontend/application.min.js"},"id":116,"priority":10},
{"action":{"type":"block"},"condition":{"urlFilter":"/gfx/socials/"},"id":117,"priority":10},
{"action":{"type":"block"},"condition":{"excludedResourceTypes":["main_frame","script","stylesheet"],"urlFilter":"/gigya-socialize-for-wordpress/"},"id":118,"priority":10},
{"action":{"type":"block"},"condition":{"urlFilter":"/gm-button-social.min.js"},"id":119,"priority":10},
{"action":{"type":"block"},"condition":{"urlFilter":"/graphics/share/"},"id":120,"priority":10},
{"action":{"type":"block"},"condition":{"urlFilter":"/handlers/sharrre.ashx?"},"id":121,"priority":10},
{"action":{"type":"block"},"condition":{"urlFilter":"/header_socials.png"},"id":122,"priority":10},
{"action":{"type":"block"},"condition":{"urlFilter":"/highlight-and-share.js"},"id":123,"priority":10},
{"action":{"type":"block"},"condition":{"urlFilter":"/icon_share_"},"id":124,"priority":10},
{"action":{"type":"block"},"condition":{"urlFilter":"/icon_sns_"},"id":125,"priority":10},
{"action":{"type":"block"},"condition":{"urlFilter":"/images/social_black/"},"id":126,"priority":10},
{"action":{"type":"block"},"condition":{"urlFilter":"/itpsocialbuttons/images/"},"id":127,"priority":10},
{"action":{"type":"block"},"condition":{"urlFilter":"/itpsocialbuttons/style.css"},"id":128,"priority":10},
{"action":{"type":"block"},"condition":{"urlFilter":"/jiathis_share.css"},"id":130,"priority":10},
{"action":{"type":"block"},"condition":{"urlFilter":"/jinda-facebook-lightbox/public/"},"id":131,"priority":10},
{"action":{"type":"block"},"condition":{"urlFilter":"/jquery-pin-it-button-for-images/js/jpibfi.client.js"},"id":132,"priority":10},
{"action":{"type":"block"},"condition":{"urlFilter":"/jquery.shareaholic-publishers-sb.min.js"},"id":133,"priority":10},
{"action":{"type":"block"},"condition":{"urlFilter":"/jquery.sharecount.min.js"},"id":134,"priority":10},
{"action":{"type":"block"},"condition":{"urlFilter":"/jquery.stp.min.js"},"id":135,"priority":10},
{"action":{"type":"block"},"condition":{"urlFilter":"/juiz-social-post-sharer-2.min.css"},"id":136,"priority":10},
{"action":{"type":"block"},"condition":{"urlFilter":"/juiz-social-post-sharer-6.min.css"},"id":137,"priority":10},
{"action":{"type":"block"},"condition":{"urlFilter":"/juiz-social-post-sharer.min.js"},"id":138,"priority":10},
{"action":{"type":"block"},"condition":{"urlFilter":"/jumboshare.js"},"id":139,"priority":10},
{"action":{"type":"block"},"condition":{"urlFilter":"/lg-share.js"},"id":140,"priority":10},
{"action":{"type":"block"},"condition":{"urlFilter":"/like_button.js"},"id":141,"priority":10},
{"action":{"type":"block"},"condition":{"urlFilter":"/like_button.png"},"id":142,"priority":10},
{"action":{"type":"block"},"condition":{"urlFilter":"/likebox.php"},"id":143,"priority":10},
{"action":{"type":"block"},"condition":{"urlFilter":"/likefacebook.jpg"},"id":144,"priority":10},
{"action":{"type":"block"},"condition":{"urlFilter":"/likefacebook.png"},"id":145,"priority":10},
{"action":{"type":"block"},"condition":{"urlFilter":"/likegate.js"},"id":146,"priority":10},
{"action":{"type":"block"},"condition":{"urlFilter":"/likesscript.js"},"id":147,"priority":10},
{"action":{"type":"block"},"condition":{"urlFilter":"/mod/socialbookmark/"},"id":148,"priority":10},
{"action":{"type":"block"},"condition":{"urlFilter":"/mod_socialmedialinks/icons/"},"id":149,"priority":10},
{"action":{"type":"block"},"condition":{"urlFilter":"/mod_socialmedialinks/style.css"},"id":150,"priority":10},
{"action":{"type":"block"},"condition":{"urlFilter":"/mod_socialslider/tmpl/"},"id":151,"priority":10},
{"action":{"type":"block"},"condition":{"urlFilter":"/myshare/assets/js/"},"id":152,"priority":10},
{"action":{"type":"block"},"condition":{"urlFilter":"/needsharebutton.js"},"id":153,"priority":10},
{"action":{"type":"block"},"condition":{"urlFilter":"/needsharebutton.min.css"},"id":154,"priority":10},
{"action":{"type":"block"},"condition":{"urlFilter":"/o3-social-share-styles.css"},"id":155,"priority":10},
{"action":{"type":"block"},"condition":{"urlFilter":"/oss_share.js"},"id":156,"priority":10},
{"action":{"type":"block"},"condition":{"urlFilter":"/overlayshare.js"},"id":157,"priority":10},
{"action":{"type":"block"},"condition":{"urlFilter":"/pin_it_button.png"},"id":158,"priority":10},
{"action":{"type":"block"},"condition":{"urlFilter":"/pinit-button.png"},"id":159,"priority":10},
{"action":{"type":"block"},"condition":{"urlFilter":"/pinit.html?"},"id":160,"priority":10},
{"action":{"type":"block"},"condition":{"urlFilter":"/pinterest-footer-icon.png"},"id":161,"priority":10},
{"action":{"type":"block"},"condition":{"urlFilter":"/pinterest-footer-icon.svg"},"id":162,"priority":10},
{"action":{"type":"block"},"condition":{"urlFilter":"/pinterest-footer-svg.ashx"},"id":163,"priority":10},
{"action":{"type":"block"},"condition":{"urlFilter":"/pinterest-footer.ashx"},"id":164,"priority":10},
{"action":{"type":"block"},"condition":{"urlFilter":"/pinterest-for-woocommerce-save-button.min.js"},"id":165,"priority":10},
{"action":{"type":"block"},"condition":{"urlFilter":"/pinterest-for-woocommerce-tracking.min.js"},"id":166,"priority":10},
{"action":{"type":"block"},"condition":{"urlFilter":"/pinterest-over.jpg"},"id":167,"priority":10},
{"action":{"type":"block"},"condition":{"urlFilter":"/pinterest-over.png"},"id":168,"priority":10},
{"action":{"type":"block"},"condition":{"urlFilter":"/pinterest_tag.js"},"id":169,"priority":10},
{"action":{"type":"block"},"condition":{"urlFilter":"/pintrest-button.png"},"id":170,"priority":10},
{"action":{"type":"block"},"condition":{"urlFilter":"/plugins/add-to-any-subscribe/subscribe_"},"id":171,"priority":10},
{"action":{"type":"block"},"condition":{"urlFilter":"/plugins/add-to-any/addtoany.min.js"},"id":172,"priority":10},
{"action":{"type":"block"},"condition":{"urlFilter":"/plugins/anmiated-twitter-bird/js/tripleflap.js"},"id":173,"priority":10},
{"action":{"type":"block"},"condition":{"urlFilter":"/plugins/bookmarkify/"},"id":174,"priority":10},
{"action":{"type":"block"},"condition":{"urlFilter":"/plugins/delicious-bookmark-button/delit.js"},"id":175,"priority":10},
{"action":{"type":"block"},"condition":{"urlFilter":"/plugins/dpsocialshare/js/jquery.dpsocialshare.js"},"id":176,"priority":10},
{"action":{"type":"block"},"condition":{"urlFilter":"/plugins/easy-facebook-likebox/"},"id":177,"priority":10},
{"action":{"type":"block"},"condition":{"urlFilter":"/plugins/easy-twitter-feeds/public/js/widget.js"},"id":178,"priority":10},
{"action":{"type":"block"},"condition":{"urlFilter":"/plugins/facebook-button-plugin/js/script.js"},"id":179,"priority":10},
{"action":{"type":"block"},"condition":{"urlFilter":"/plugins/facebook-fanbox-popup/assets/js/spu.js"},"id":180,"priority":10},
{"action":{"type":"block"},"condition":{"urlFilter":"/plugins/facebook-like-content-locker/js/pop.js"},"id":181,"priority":10},
{"action":{"type":"block"},"condition":{"excludedResourceTypes":["main_frame","stylesheet"],"urlFilter":"/plugins/facebook-page-promoter-"},"id":182,"priority":10},
{"action":{"type":"block"},"condition":{"urlFilter":"/plugins/facebookpopuppro/js/facebookpopup.js"},"id":183,"priority":10},
{"action":{"type":"block"},"condition":{"urlFilter":"/plugins/getsocial/lib/getsocial.js"},"id":184,"priority":10},
{"action":{"type":"block"},"condition":{"urlFilter":"/plugins/knxdt-bookmarks-wordpress-plugin/css/style.css"},"id":185,"priority":10},
{"action":{"type":"block"},"condition":{"excludedResourceTypes":["main_frame","stylesheet"],"urlFilter":"/plugins/light-social/"},"id":186,"priority":10},
{"action":{"type":"block"},"condition":{"urlFilter":"/plugins/like-box-pro/includes/javascript/front_end_js.js"},"id":187,"priority":10},
{"action":{"type":"block"},"condition":{"urlFilter":"/plugins/like-fb/js/popup.js"},"id":188,"priority":10},
{"action":{"type":"block"},"condition":{"urlFilter":"/plugins/mashsharer/assets/js/mashsb.min.js"},"id":189,"priority":10},
{"action":{"type":"block"},"condition":{"urlFilter":"/plugins/osd-social-media-sharing/includes/style.css"},"id":190,"priority":10},
{"action":{"type":"block"},"condition":{"urlFilter":"/plugins/pinterest-pin-it-button-on-image-hover-and-post/js/pinit.js"},"id":191,"priority":10},
{"action":{"type":"block"},"condition":{"urlFilter":"/plugins/rtsocial/js/rtss-main.js"},"id":192,"priority":10},
{"action":{"type":"block"},"condition":{"excludedResourceTypes":["main_frame","stylesheet"],"urlFilter":"/plugins/simple-social-sharing-widgets-icons/"},"id":193,"priority":10},
{"action":{"type":"block"},"condition":{"urlFilter":"/plugins/slick-social-share-buttons/"},"id":194,"priority":10},
{"action":{"type":"block"},"condition":{"urlFilter":"/plugins/slide-in/js/wdsi.js"},"id":195,"priority":10},
{"action":{"type":"block"},"condition":{"urlFilter":"/plugins/sme-facebook-likebox-sidebar/"},"id":196,"priority":10},
{"action":{"type":"block"},"condition":{"urlFilter":"/plugins/sociable-re/images/"},"id":197,"priority":10},
{"action":{"type":"block"},"condition":{"excludedResourceTypes":["main_frame","stylesheet"],"urlFilter":"/plugins/sociable/"},"id":198,"priority":10},
{"action":{"type":"block"},"condition":{"urlFilter":"/plugins/socialbox/assets/"},"id":199,"priority":10},
{"action":{"type":"block"},"condition":{"urlFilter":"/plugins/socialfans-counter/assets/js/socialfans-script.js"},"id":200,"priority":10},
{"action":{"type":"block"},"condition":{"urlFilter":"/plugins/socialgrid/static/img/"},"id":201,"priority":10},
{"action":{"type":"block"},"condition":{"urlFilter":"/plugins/sociallocker-next-premium/"},"id":202,"priority":10},
{"action":{"type":"block"},"condition":{"urlFilter":"/plugins/stickysocialbar/js/sharefront.js"},"id":203,"priority":10},
{"action":{"type":"block"},"condition":{"urlFilter":"/plugins/subscribe-connect-follow-widget/images/"},"id":204,"priority":10},
{"action":{"type":"block"},"condition":{"urlFilter":"/plugins/tweet-this/icons/"},"id":205,"priority":10},
{"action":{"type":"block"},"condition":{"urlFilter":"/plugins/tweetmeme/button.js"},"id":206,"priority":10},
{"action":{"type":"block"},"condition":{"urlFilter":"/plugins/ultimate-follow-me/"},"id":207,"priority":10},
{"action":{"type":"block"},"condition":{"urlFilter":"/plugins/ultimate-social-deux/public/assets/js/min/us.script-min.js"},"id":208,"priority":10},
{"action":{"type":"block"},"condition":{"urlFilter":"/plugins/viperbar/client/js/front.js"},"id":209,"priority":10},
{"action":{"type":"block"},"condition":{"urlFilter":"/plugins/wordpress-social-ring/"},"id":210,"priority":10},
{"action":{"type":"block"},"condition":{"urlFilter":"/plugins/wp-plus-one/wp-plus-one.js"},"id":211,"priority":10},
{"action":{"type":"block"},"condition":{"urlFilter":"/plugins/wp-social-toolbar-pro/js/corescripts.js"},"id":212,"priority":10},
{"action":{"type":"block"},"condition":{"urlFilter":"/plugins/wp-tweet-button/tweetn.png"},"id":213,"priority":10},
{"action":{"type":"block"},"condition":{"urlFilter":"/prisna-social-counter.css"},"id":214,"priority":10},
{"action":{"type":"block"},"condition":{"urlFilter":"/qa-social-share.css"},"id":215,"priority":10},
{"action":{"type":"block"},"condition":{"excludedResourceTypes":["main_frame","xmlhttprequest"],"urlFilter":"/resources/twitter-"},"id":216,"priority":10},
{"action":{"type":"block"},"condition":{"urlFilter":"/rrshare.js"},"id":217,"priority":10},
{"action":{"type":"block"},"condition":{"urlFilter":"/s9-social-sharing-front.css"},"id":218,"priority":10},
{"action":{"type":"block"},"condition":{"urlFilter":"/scrollsharemenu.html"},"id":219,"priority":10},
{"action":{"type":"block"},"condition":{"urlFilter":"/share-bar-1.min.js"},"id":220,"priority":10},
{"action":{"type":"block"},"condition":{"urlFilter":"/share-bar/build/index.js"},"id":221,"priority":10},
{"action":{"type":"block"},"condition":{"urlFilter":"/share-bar/share-bar.js"},"id":222,"priority":10},
{"action":{"type":"block"},"condition":{"urlFilter":"/share-button?"},"id":223,"priority":10},
{"action":{"type":"block"},"condition":{"urlFilter":"/share-controller.js"},"id":224,"priority":10},
{"action":{"type":"block"},"condition":{"urlFilter":"/share-controller.min.js"},"id":225,"priority":10},
{"action":{"type":"block"},"condition":{"urlFilter":"/share-leadoff-public.js"},"id":226,"priority":10},
{"action":{"type":"block"},"condition":{"urlFilter":"/share-on-diaspora-css.php"},"id":227,"priority":10},
{"action":{"type":"block"},"condition":{"urlFilter":"/share.php?buttons="},"id":228,"priority":10},
{"action":{"type":"block"},"condition":{"urlFilter":"/share/count?"},"id":229,"priority":10},
{"action":{"type":"block"},"condition":{"urlFilter":"/share/footer/"},"id":230,"priority":10},
{"action":{"type":"block"},"condition":{"urlFilter":"/share/frame/"},"id":231,"priority":10},
{"action":{"type":"block"},"condition":{"urlFilter":"/share42.js"},"id":232,"priority":10},
{"action":{"type":"block"},"condition":{"urlFilter":"/share_button?"},"id":233,"priority":10},
{"action":{"type":"block"},"condition":{"urlFilter":"/share_count.js"},"id":234,"priority":10},
{"action":{"type":"block"},"condition":{"urlFilter":"/share_iframe.js"},"id":235,"priority":10},
{"action":{"type":"block"},"condition":{"urlFilter":"/share_popup.js"},"id":236,"priority":10},
{"action":{"type":"block"},"condition":{"urlFilter":"/share_sprite.png"},"id":237,"priority":10},
{"action":{"type":"block"},"condition":{"urlFilter":"/share_toolbar.js"},"id":238,"priority":10},
{"action":{"type":"block"},"condition":{"urlFilter":"/share_view.js"},"id":239,"priority":10},
{"action":{"type":"block"},"condition":{"urlFilter":"/share_wechat.jpg"},"id":240,"priority":10},
{"action":{"type":"block"},"condition":{"urlFilter":"/share_wechat.png"},"id":241,"priority":10},
{"action":{"type":"block"},"condition":{"urlFilter":"/share_weibo.jpg"},"id":242,"priority":10},
{"action":{"type":"block"},"condition":{"urlFilter":"/share_weibo.png"},"id":243,"priority":10},
{"action":{"type":"block"},"condition":{"urlFilter":"/shareaholic.js"},"id":244,"priority":10},
{"action":{"type":"block"},"condition":{"urlFilter":"/sharearrow.png"},"id":245,"priority":10},
{"action":{"type":"block"},"condition":{"urlFilter":"/sharebar.js"},"id":246,"priority":10},
{"action":{"type":"block"},"condition":{"urlFilter":"/sharebar/"},"id":247,"priority":10},
{"action":{"type":"block"},"condition":{"urlFilter":"/sharebars/"},"id":248,"priority":10},
{"action":{"type":"block"},"condition":{"urlFilter":"/sharebtn_"},"id":249,"priority":10},
{"action":{"type":"block"},"condition":{"urlFilter":"/sharebutton?"},"id":250,"priority":10},
{"action":{"type":"block"},"condition":{"urlFilter":"/sharecount/"},"id":251,"priority":10},
{"action":{"type":"block"},"condition":{"urlFilter":"/sharecounter?"},"id":252,"priority":10},
{"action":{"type":"block"},"condition":{"urlFilter":"/sharecounts/"},"id":253,"priority":10},
{"action":{"type":"block"},"condition":{"urlFilter":"/shared-social-"},"id":254,"priority":10},
{"action":{"type":"block"},"condition":{"urlFilter":"/shared/btn_"},"id":255,"priority":10},
{"action":{"type":"block"},"condition":{"urlFilter":"/shared/social/"},"id":256,"priority":10},
{"action":{"type":"block"},"condition":{"urlFilter":"/sharedaddy.js"},"id":257,"priority":10},
{"action":{"type":"block"},"condition":{"urlFilter":"/sharedaddy/sharing.min.js"},"id":258,"priority":10},
{"action":{"type":"block"},"condition":{"urlFilter":"/sharefacebook.jpg"},"id":259,"priority":10},
{"action":{"type":"block"},"condition":{"urlFilter":"/sharefacebook.png"},"id":260,"priority":10},
{"action":{"type":"block"},"condition":{"urlFilter":"/sharefb.jpg"},"id":261,"priority":10},
{"action":{"type":"block"},"condition":{"urlFilter":"/sharefb.png"},"id":262,"priority":10},
{"action":{"type":"block"},"condition":{"urlFilter":"/sharefb_icon.png"},"id":263,"priority":10},
{"action":{"type":"block"},"condition":{"urlFilter":"/shareicon-branding-"},"id":264,"priority":10},
{"action":{"type":"block"},"condition":{"excludedResourceTypes":["main_frame","stylesheet"],"urlFilter":"/shareicons."},"id":265,"priority":10},
{"action":{"type":"block"},"condition":{"urlFilter":"/shareit.js"},"id":266,"priority":10},
{"action":{"type":"block"},"condition":{"urlFilter":"/shareon.iife.js"},"id":267,"priority":10},
{"action":{"type":"block"},"condition":{"urlFilter":"/shareon.min.css"},"id":268,"priority":10},
{"action":{"type":"block"},"condition":{"urlFilter":"/sharer.js"},"id":269,"priority":10},
{"action":{"type":"block"},"condition":{"urlFilter":"/sharethis-buttons.js"},"id":270,"priority":10},
{"action":{"type":"block"},"condition":{"urlFilter":"/sharethis.js"},"id":271,"priority":10},
{"action":{"type":"block"},"condition":{"urlFilter":"/sharethisicons.png"},"id":272,"priority":10},
{"action":{"type":"block"},"condition":{"urlFilter":"/sharetool.php?"},"id":273,"priority":10},
{"action":{"type":"block"},"condition":{"urlFilter":"/sharetools.js"},"id":274,"priority":10},
{"action":{"type":"block"},"condition":{"urlFilter":"/sharett.js"},"id":275,"priority":10},
{"action":{"type":"block"},"condition":{"urlFilter":"/sharetw.png"},"id":276,"priority":10},
{"action":{"type":"block"},"condition":{"urlFilter":"/sharetw_icon.png"},"id":277,"priority":10},
{"action":{"type":"block"},"condition":{"urlFilter":"/sharetwitter.jpg"},"id":278,"priority":10},
{"action":{"type":"block"},"condition":{"urlFilter":"/sharetwitter.png"},"id":279,"priority":10},
{"action":{"type":"block"},"condition":{"urlFilter":"/shariff.complete.js"},"id":280,"priority":10},
{"action":{"type":"block"},"condition":{"urlFilter":"/shariff.min.js"},"id":281,"priority":10},
{"action":{"type":"block"},"condition":{"urlFilter":"/sharing/sprites/"},"id":282,"priority":10},
{"action":{"type":"block"},"condition":{"urlFilter":"/sharing_icons/"},"id":283,"priority":10},
{"action":{"type":"block"},"condition":{"urlFilter":"/shrmain.min.js"},"id":284,"priority":10},
{"action":{"type":"block"},"condition":{"urlFilter":"/sidebar-facebook-"},"id":285,"priority":10},
{"action":{"type":"block"},"condition":{"urlFilter":"/sidebar-follow.png"},"id":286,"priority":10},
{"action":{"type":"block"},"condition":{"urlFilter":"/sidebar-pinterest-"},"id":287,"priority":10},
{"action":{"type":"block"},"condition":{"urlFilter":"/sidebar-twitter.png"},"id":288,"priority":10},
{"action":{"type":"block"},"condition":{"urlFilter":"/sidebar_facebook.png"},"id":289,"priority":10},
{"action":{"type":"block"},"condition":{"urlFilter":"/sidebar_twitter.png"},"id":290,"priority":10},
{"action":{"type":"block"},"condition":{"urlFilter":"/silicon-counters.js"},"id":291,"priority":10},
{"action":{"type":"block"},"condition":{"excludedResourceTypes":["main_frame","stylesheet"],"urlFilter":"/simple-share-"},"id":292,"priority":10},
{"action":{"type":"block"},"condition":{"urlFilter":"/simpleshare.js"},"id":293,"priority":10},
{"action":{"type":"block"},"condition":{"urlFilter":"/sm-share-"},"id":294,"priority":10},
{"action":{"type":"block"},"condition":{"urlFilter":"/sme-facebook-likebox-sidebar/"},"id":295,"priority":10},
{"action":{"type":"block"},"condition":{"urlFilter":"/sns_naverband.png"},"id":296,"priority":10},
{"action":{"type":"block"},"condition":{"urlFilter":"/social-bar.js"},"id":297,"priority":10},
{"action":{"type":"block"},"condition":{"urlFilter":"/social-footer.jpg"},"id":298,"priority":10},
{"action":{"type":"block"},"condition":{"urlFilter":"/social-footer.png"},"id":299,"priority":10},
{"action":{"type":"block"},"condition":{"urlFilter":"/social-proof-testimonials-slider/admin/js/slick-block-editor.js"},"id":300,"priority":10},
{"action":{"type":"block"},"condition":{"urlFilter":"/social-sidebar.js"},"id":301,"priority":10},
{"action":{"type":"block"},"condition":{"urlFilter":"/social-twit.png"},"id":302,"priority":10},
{"action":{"type":"block"},"condition":{"urlFilter":"/social-twit.svg"},"id":303,"priority":10},
{"action":{"type":"block"},"condition":{"urlFilter":"/social-url-generator.js"},"id":304,"priority":10},
{"action":{"type":"block"},"condition":{"urlFilter":"/social-url-generator.minc.js"},"id":305,"priority":10},
{"action":{"type":"block"},"condition":{"urlFilter":"/social-widgets-"},"id":306,"priority":10},
{"action":{"type":"block"},"condition":{"urlFilter":"/social/sprite-"},"id":307,"priority":10},
{"action":{"type":"block"},"condition":{"urlFilter":"/social2s.min.js"},"id":308,"priority":10},
{"action":{"type":"block"},"condition":{"urlFilter":"/social_balloon-"},"id":309,"priority":10},
{"action":{"type":"block"},"condition":{"urlFilter":"/social_bookmarking.png"},"id":310,"priority":10},
{"action":{"type":"block"},"condition":{"urlFilter":"/social_bookmarks/"},"id":311,"priority":10},
{"action":{"type":"block"},"condition":{"urlFilter":"/social_footer.png"},"id":312,"priority":10},
{"action":{"type":"block"},"condition":{"urlFilter":"/social_header.jpg"},"id":313,"priority":10},
{"action":{"type":"block"},"condition":{"urlFilter":"/social_header.png"},"id":314,"priority":10},
{"action":{"type":"block"},"condition":{"urlFilter":"/social_popup.js"},"id":315,"priority":10},
{"action":{"type":"block"},"condition":{"urlFilter":"/social_widget.js"},"id":316,"priority":10},
{"action":{"type":"block"},"condition":{"urlFilter":"/socialappsintegrator."},"id":317,"priority":10},
{"action":{"type":"block"},"condition":{"urlFilter":"/socialbar-sso.js"},"id":318,"priority":10},
{"action":{"type":"block"},"condition":{"urlFilter":"/socialbar.js"},"id":319,"priority":10},
{"action":{"type":"block"},"condition":{"urlFilter":"/socialbar.php"},"id":320,"priority":10},
{"action":{"type":"block"},"condition":{"urlFilter":"/socialbookmarkerbot_images/"},"id":321,"priority":10},
{"action":{"type":"block"},"condition":{"urlFilter":"/socialbookmarks.js"},"id":322,"priority":10},
{"action":{"type":"block"},"condition":{"urlFilter":"/socialcount.js"},"id":323,"priority":10},
{"action":{"type":"block"},"condition":{"urlFilter":"/socialcount.min.js"},"id":324,"priority":10},
{"action":{"type":"block"},"condition":{"urlFilter":"/socialfooter.js"},"id":325,"priority":10},
{"action":{"type":"block"},"condition":{"urlFilter":"/socialite.js"},"id":326,"priority":10},
{"action":{"type":"block"},"condition":{"urlFilter":"/socialite.min.js"},"id":327,"priority":10},
{"action":{"type":"block"},"condition":{"urlFilter":"/socialize/library.js"},"id":328,"priority":10},
{"action":{"type":"block"},"condition":{"urlFilter":"/socialmediabuttons.png"},"id":329,"priority":10},
{"action":{"type":"block"},"condition":{"urlFilter":"/socialmediabuttons/tracking.js"},"id":330,"priority":10},
{"action":{"type":"block"},"condition":{"urlFilter":"/socialmediasprite.png"},"id":331,"priority":10},
{"action":{"type":"block"},"condition":{"urlFilter":"/socialnetwork-buttons/"},"id":332,"priority":10},
{"action":{"type":"block"},"condition":{"urlFilter":"/socialplugins/"},"id":333,"priority":10},
{"action":{"type":"block"},"condition":{"urlFilter":"/socialshareplugin.js"},"id":334,"priority":10},
{"action":{"type":"block"},"condition":{"urlFilter":"/socialshareplugin.png"},"id":335,"priority":10},
{"action":{"type":"block"},"condition":{"urlFilter":"/socialshares.js"},"id":336,"priority":10},
{"action":{"type":"block"},"condition":{"urlFilter":"/socialsite/"},"id":337,"priority":10},
{"action":{"type":"block"},"condition":{"urlFilter":"/socialsmall/"},"id":338,"priority":10},
{"action":{"type":"block"},"condition":{"urlFilter":"/socialsprite."},"id":339,"priority":10},
{"action":{"type":"block"},"condition":{"urlFilter":"/socialsprites."},"id":340,"priority":10},
{"action":{"type":"block"},"condition":{"urlFilter":"/socialstat?"},"id":341,"priority":10},
{"action":{"type":"block"},"condition":{"urlFilter":"/socialtwitter1.png"},"id":342,"priority":10},
{"action":{"type":"block"},"condition":{"urlFilter":"/socialwd/"},"id":343,"priority":10},
{"action":{"type":"block"},"condition":{"excludedResourceTypes":["main_frame","script","stylesheet"],"urlFilter":"/sociofluid/"},"id":344,"priority":10},
{"action":{"type":"block"},"condition":{"urlFilter":"/squaresocial-"},"id":345,"priority":10},
{"action":{"type":"block"},"condition":{"urlFilter":"/stocktwits_share.png"},"id":346,"priority":10},
{"action":{"type":"block"},"condition":{"urlFilter":"/synved-social/image/"},"id":347,"priority":10},
{"action":{"type":"block"},"condition":{"urlFilter":"/tabs/social/"},"id":348,"priority":10},
{"action":{"type":"block"},"condition":{"urlFilter":"/tarful-share-public.js"},"id":349,"priority":10},
{"action":{"type":"block"},"condition":{"urlFilter":"/tools/newsideshare/"},"id":350,"priority":10},
{"action":{"type":"block"},"condition":{"urlFilter":"/tweet_footer.png"},"id":351,"priority":10},
{"action":{"type":"block"},"condition":{"urlFilter":"/twfooter.png"},"id":352,"priority":10},
{"action":{"type":"block"},"condition":{"urlFilter":"/twitbadge.jpg"},"id":353,"priority":10},
{"action":{"type":"block"},"condition":{"urlFilter":"/twitter-follow-"},"id":354,"priority":10},
{"action":{"type":"block"},"condition":{"urlFilter":"/twitter-footer-"},"id":355,"priority":10},
{"action":{"type":"block"},"condition":{"urlFilter":"/twitter-v2.jpg"},"id":356,"priority":10},
{"action":{"type":"block"},"condition":{"urlFilter":"/twitter-v2.png"},"id":357,"priority":10},
{"action":{"type":"block"},"condition":{"urlFilter":"/twitter-widget.jpg"},"id":358,"priority":10},
{"action":{"type":"block"},"condition":{"urlFilter":"/twitter-widget.png"},"id":359,"priority":10},
{"action":{"type":"block"},"condition":{"urlFilter":"/twitter_badge.png"},"id":360,"priority":10},
{"action":{"type":"block"},"condition":{"urlFilter":"/twitter_follow.jpg"},"id":361,"priority":10},
{"action":{"type":"block"},"condition":{"urlFilter":"/twitter_follow.png"},"id":362,"priority":10},
{"action":{"type":"block"},"condition":{"urlFilter":"/twitter_footer.jpg"},"id":363,"priority":10},
{"action":{"type":"block"},"condition":{"urlFilter":"/twitter_footer.png"},"id":364,"priority":10},
{"action":{"type":"block"},"condition":{"urlFilter":"/twitter_header.jpg"},"id":365,"priority":10},
{"action":{"type":"block"},"condition":{"urlFilter":"/twitter_header.png"},"id":366,"priority":10},
{"action":{"type":"block"},"condition":{"urlFilter":"/twitter_square.png"},"id":367,"priority":10},
{"action":{"type":"block"},"condition":{"urlFilter":"/twitter_square.svg"},"id":368,"priority":10},
{"action":{"type":"block"},"condition":{"urlFilter":"/twitterbadge.png"},"id":369,"priority":10},
{"action":{"type":"block"},"condition":{"urlFilter":"/twitterfloat.js"},"id":370,"priority":10},
{"action":{"type":"block"},"condition":{"urlFilter":"/twitterfollow.jpg"},"id":371,"priority":10},
{"action":{"type":"block"},"condition":{"urlFilter":"/twitterfollow.png"},"id":372,"priority":10},
{"action":{"type":"block"},"condition":{"urlFilter":"/twitterlib.js"},"id":373,"priority":10},
{"action":{"type":"block"},"condition":{"urlFilter":"/twitteron.jpg"},"id":374,"priority":10},
{"action":{"type":"block"},"condition":{"urlFilter":"/twitteron.png"},"id":375,"priority":10},
{"action":{"type":"block"},"condition":{"urlFilter":"/twittersquare.png"},"id":376,"priority":10},
{"action":{"type":"block"},"condition":{"urlFilter":"/videojs-share.js"},"id":377,"priority":10},
{"action":{"type":"block"},"condition":{"urlFilter":"/viewboxtraffic_min.js"},"id":378,"priority":10},
{"action":{"type":"block"},"condition":{"urlFilter":"/visual/social/"},"id":379,"priority":10},
{"action":{"type":"block"},"condition":{"urlFilter":"/vk_button.jpg"},"id":380,"priority":10},
{"action":{"type":"block"},"condition":{"urlFilter":"/vk_button.png"},"id":381,"priority":10},
{"action":{"type":"block"},"condition":{"urlFilter":"/weiboshare.html"},"id":382,"priority":10},
{"action":{"type":"block"},"condition":{"urlFilter":"/whatsapp-button.js"},"id":383,"priority":10},
{"action":{"type":"block"},"condition":{"urlFilter":"/whatsapp_button.php"},"id":384,"priority":10},
{"action":{"type":"block"},"condition":{"urlFilter":"/whatsapp_icon.png"},"id":385,"priority":10},
{"action":{"type":"block"},"condition":{"urlFilter":"/whatsappblogger.js"},"id":386,"priority":10},
{"action":{"type":"block"},"condition":{"urlFilter":"/whatsappshare.jpg"},"id":387,"priority":10},
{"action":{"type":"block"},"condition":{"urlFilter":"/whatsappshare.js"},"id":388,"priority":10},
{"action":{"type":"block"},"condition":{"urlFilter":"/widget/share?"},"id":389,"priority":10},
{"action":{"type":"block"},"condition":{"urlFilter":"/widget/share_"},"id":390,"priority":10},
{"action":{"type":"block"},"condition":{"urlFilter":"/widgets/sharing-"},"id":391,"priority":10},
{"action":{"type":"block"},"condition":{"urlFilter":"/widgets/socials/"},"id":392,"priority":10},
{"action":{"type":"block"},"condition":{"urlFilter":"/widgets/twitter/"},"id":393,"priority":10},
{"action":{"type":"block"},"condition":{"initiatorDomains":["ahchealthenews.com"],"urlFilter":"/wordpress-popup/"},"id":394,"priority":10},
{"action":{"type":"block"},"condition":{"urlFilter":"/wp-content/plugins/advanced-facebook-content-locker/"},"id":395,"priority":10},
{"action":{"type":"block"},"condition":{"urlFilter":"/wp-social-toolbar/js/scripts.js"},"id":396,"priority":10},
{"action":{"type":"block"},"condition":{"urlFilter":"/wpsms-public.css"},"id":397,"priority":10},
{"action":{"type":"block"},"condition":{"urlFilter":"/wpsms-public.min.js"},"id":398,"priority":10},
{"action":{"type":"block"},"condition":{"urlFilter":"/ya-share.js"},"id":399,"priority":10},
{"action":{"type":"block"},"condition":{"urlFilter":"_footer_twitter."},"id":400,"priority":10},
{"action":{"type":"block"},"condition":{"urlFilter":"_share_bookmark."},"id":401,"priority":10},
{"action":{"type":"block"},"condition":{"urlFilter":"_share_widget_"},"id":402,"priority":10},
{"action":{"type":"block"},"condition":{"urlFilter":"_small_share."},"id":403,"priority":10},
{"action":{"type":"block"},"condition":{"urlFilter":"_social-bar/"},"id":404,"priority":10},
{"action":{"type":"block"},"condition":{"excludedResourceTypes":["main_frame","xmlhttprequest"],"urlFilter":"_social_badge_"},"id":405,"priority":10},
{"action":{"type":"block"},"condition":{"urlFilter":"_social_bookmark/"},"id":406,"priority":10},
{"action":{"type":"block"},"condition":{"urlFilter":"_social_bookmarks/"},"id":407,"priority":10},
{"action":{"type":"block"},"condition":{"urlFilter":"_social_footer_"},"id":408,"priority":10},
{"action":{"type":"block"},"condition":{"excludedInitiatorDomains":["addthis.com"],"requestDomains":["addthiscdn.com"]},"id":409,"priority":10},
{"action":{"type":"block"},"condition":{"urlFilter":"||feedgrabbr.com/widget/"},"id":410,"priority":10},
{"action":{"type":"block"},"condition":{"urlFilter":"||twitter.com/i/jot"},"id":411,"priority":10},
{"action":{"type":"block"},"condition":{"urlFilter":"||yandex.st/share/"},"id":412,"priority":10},
{"action":{"type":"block"},"condition":{"urlFilter":"||ipaddress.com/shariff/"},"id":413,"priority":10},
{"action":{"type":"block"},"condition":{"urlFilter":"||naturalnews.com/getviews2."},"id":414,"priority":10},
{"action":{"type":"block"},"condition":{"urlFilter":"||people.com.cn/img/2020fenxiang/"},"id":415,"priority":10},
{"action":{"type":"block"},"condition":{"urlFilter":"||shbarcelona.com/img/socialnetwork/"},"id":416,"priority":10},
{"action":{"type":"block"},"condition":{"urlFilter":"||lequipe.fr/_nuxt/share."},"id":418,"priority":10},
{"action":{"type":"block"},"condition":{"urlFilter":"||produits-asiatiques.com/annuaire/templates/coolor/images/facebook-faces.gif"},"id":419,"priority":10},
{"action":{"type":"block"},"condition":{"urlFilter":"||almasryalyoum.com/scripts/sharing.js"},"id":420,"priority":10},
{"action":{"type":"block"},"condition":{"urlFilter":"||stjegypt.com/uploads/stjnew.jpg"},"id":421,"priority":10},
{"action":{"type":"block"},"condition":{"urlFilter":"||fanclubbarcelona.nl/images/mediabuttons/"},"id":422,"priority":10},
{"action":{"type":"block"},"condition":{"urlFilter":"||focus.it/images/embed/banner-canale-whats-up/"},"id":423,"priority":10},
{"action":{"type":"block"},"condition":{"urlFilter":"||napolimagazine.com/web/img/iconefooter/"},"id":424,"priority":10},
{"action":{"type":"block"},"condition":{"urlFilter":"||napolimagazine.com/web/img/iconetop/"},"id":425,"priority":10},
{"action":{"type":"block"},"condition":{"urlFilter":"||nursetimes.org/wp-content/uploads/2016/01/telegram-banner.png"},"id":426,"priority":10},
{"action":{"type":"block"},"condition":{"urlFilter":"||imyfone.com/assets/js/media_share/"},"id":427,"priority":10},
{"action":{"type":"block"},"condition":{"urlFilter":"||ministop.co.jp/site_common/js/sns_"},"id":428,"priority":10},
{"action":{"type":"block"},"condition":{"urlFilter":"||taishurx.jp/js/web/sns_header.js"},"id":429,"priority":10},
{"action":{"type":"block"},"condition":{"urlFilter":"||aventurasnahistoria.uol.com.br/static/socialmedia/"},"id":430,"priority":10},
{"action":{"type":"block"},"condition":{"urlFilter":"||defatoonline.com.br/whatsapp.html"},"id":431,"priority":10},
{"action":{"type":"block"},"condition":{"urlFilter":"||harem69.com.br/img/social.png"},"id":432,"priority":10},
{"action":{"type":"block"},"condition":{"urlFilter":"||jcconcursos.com.br/static/socialmedia/"},"id":433,"priority":10},
{"action":{"type":"block"},"condition":{"urlFilter":"||opto.sic.pt/footer/socials/"},"id":434,"priority":10},
{"action":{"type":"block"},"condition":{"resourceTypes":["image"],"urlFilter":"/gallery/social/"},"id":440,"priority":10},
{"action":{"type":"block"},"condition":{"resourceTypes":["image"],"urlFilter":"/plugins/share-and-follow/"},"id":441,"priority":10},
{"action":{"type":"block"},"condition":{"resourceTypes":["image"],"urlFilter":"/plugins/share-social/icons/"},"id":442,"priority":10},
{"action":{"type":"block"},"condition":{"resourceTypes":["image"],"urlFilter":"/plugins/social-media-widget/"},"id":443,"priority":10},
{"action":{"type":"block"},"condition":{"resourceTypes":["image"],"urlFilter":"/plugins/social-profiles-widget/"},"id":444,"priority":10},
{"action":{"type":"block"},"condition":{"resourceTypes":["image"],"urlFilter":"/simple-social-sharing/"},"id":445,"priority":10},
{"action":{"type":"block"},"condition":{"resourceTypes":["image"],"urlFilter":"/social_bookmarking/"},"id":446,"priority":10},
{"action":{"type":"block"},"condition":{"resourceTypes":["script"],"urlFilter":"/pandalocker."},"id":447,"priority":10},
{"action":{"type":"block"},"condition":{"initiatorDomains":["telechargerunevideo.com"],"resourceTypes":["script"],"urlFilter":"/jquery.bpopup."},"id":448,"priority":10},
{"action":{"type":"block"},"condition":{"resourceTypes":["script"],"urlFilter":"/wp-content/plugins/videolock/"},"id":449,"priority":10},
{"action":{"type":"block"},"condition":{"resourceTypes":["script"],"urlFilter":"||po.st/share/"},"id":450,"priority":10},
{"action":{"type":"block"},"condition":{"domainType":"thirdParty","requestDomains":["addnow.com","addthis.com","addtoany.com","b.hatena.ne.jp","badge.facebook.com","badges.instagram.com","bshare.cn","button-share.zalo.me","button.like.co","buttons.googlesyndication.com","connect.ok.ru","crowdynews.com","figshare.com","filamentapp-assets.s3.amazonaws.com","filamentapp.s3.amazonaws.com","fireworkapi.com","fireworktv.com","followistic.com","fwcdn2.com","fwcdn3.com","gotchosen.com","gplusapi.appspot.com","handll.com","hn-button.herokuapp.com","insidesoci.al","jsoon.digitiminimi.com","lessbuttons.com","likebtn.com","loveclaw.com","markerly.com","massrelevance.com","meebo.com","messengerpeople.com","milotree.com","newsharecounts.com","opensharecount.com","pepper.com","platform.foursquare.com","platform.linkedin.com","reactandshare.com","revinate.com","scoop.it","seitzeichen.de","sekomums.lv","share.itraffic.su","shareaholic.com","sharedcount.com","sharethis.com","sharexy.com","sharpay.io","shpg.org","simplesharebuttons.com","social-bookmarking-tools.de","softwebzone.com","statigr.am","t.pridat.eu","trendemon.com","usocial.pro","w.uptolike.com","widget.weibo.com","widget.whatshelp.io","widgets.getpocket.com","xing-share.com"]},"id":452,"priority":10},
{"action":{"type":"block"},"condition":{"domainType":"thirdParty","urlFilter":"||assets.pinterest.com/js/pinit.js"},"id":453,"priority":10},
{"action":{"type":"block"},"condition":{"domainType":"thirdParty","urlFilter":"||assets.pinterest.com/pidget.html"},"id":454,"priority":10},
{"action":{"type":"block"},"condition":{"domainType":"thirdParty","urlFilter":"||bloglovin.com/widget/"},"id":455,"priority":10},
{"action":{"type":"block"},"condition":{"domainType":"thirdParty","urlFilter":"||buttons.github.io/buttons.js"},"id":456,"priority":10},
{"action":{"type":"block"},"condition":{"domainType":"thirdParty","urlFilter":"||dailymotion.com/badge/user/"},"id":457,"priority":10},
{"action":{"type":"block"},"condition":{"domainType":"thirdParty","urlFilter":"||facebook.com/plugins/activity.php?"},"id":458,"priority":10},
{"action":{"type":"block"},"condition":{"domainType":"thirdParty","urlFilter":"||facebook.com/plugins/facepile.php?"},"id":459,"priority":10},
{"action":{"type":"block"},"condition":{"domainType":"thirdParty","urlFilter":"||facebook.com/plugins/fan.php?"},"id":460,"priority":10},
{"action":{"type":"block"},"condition":{"domainType":"thirdParty","urlFilter":"||facebook.com/plugins/follow.php"},"id":461,"priority":10},
{"action":{"type":"block"},"condition":{"domainType":"thirdParty","urlFilter":"||facebook.com/plugins/like.php?"},"id":462,"priority":10},
{"action":{"type":"block"},"condition":{"domainType":"thirdParty","urlFilter":"||facebook.com/plugins/like_box.php"},"id":463,"priority":10},
{"action":{"type":"block"},"condition":{"domainType":"thirdParty","urlFilter":"||facebook.com/plugins/likebox/"},"id":464,"priority":10},
{"action":{"type":"block"},"condition":{"domainType":"thirdParty","urlFilter":"||facebook.com/plugins/page.php?"},"id":465,"priority":10},
{"action":{"type":"block"},"condition":{"domainType":"thirdParty","urlFilter":"||facebook.com/plugins/recommendations.php?"},"id":466,"priority":10},
{"action":{"type":"block"},"condition":{"domainType":"thirdParty","urlFilter":"||facebook.com/plugins/send.php?"},"id":467,"priority":10},
{"action":{"type":"block"},"condition":{"domainType":"thirdParty","urlFilter":"||facebook.com/plugins/share_button.php?"},"id":468,"priority":10},
{"action":{"type":"block"},"condition":{"domainType":"thirdParty","urlFilter":"||facebook.com/plugins/subscribe.php"},"id":469,"priority":10},
{"action":{"type":"block"},"condition":{"domainType":"thirdParty","urlFilter":"||facebook.com/widgets/activity.php?"},"id":470,"priority":10},
{"action":{"type":"block"},"condition":{"domainType":"thirdParty","urlFilter":"||facebook.com/widgets/fan.php?"},"id":471,"priority":10},
{"action":{"type":"block"},"condition":{"domainType":"thirdParty","urlFilter":"||facebook.com/widgets/like.php?"},"id":472,"priority":10},
{"action":{"type":"block"},"condition":{"domainType":"thirdParty","urlFilter":"||facebook.com/widgets/recommendations.php?"},"id":473,"priority":10},
{"action":{"type":"block"},"condition":{"domainType":"thirdParty","urlFilter":"||facebook.com^*/plugins/like.php?"},"id":474,"priority":10},
{"action":{"type":"block"},"condition":{"domainType":"thirdParty","urlFilter":"||facebook.com^*/plugins/page.php?"},"id":475,"priority":10},
{"action":{"type":"block"},"condition":{"domainType":"thirdParty","urlFilter":"||facebook.com^*/plugins/share_button.php?"},"id":476,"priority":10},
{"action":{"type":"block"},"condition":{"domainType":"thirdParty","urlFilter":"||feedly.com/img/follows/"},"id":477,"priority":10},
{"action":{"type":"block"},"condition":{"domainType":"thirdParty","excludedInitiatorDomains":["matsukiyococokara-online.com"],"requestDomains":["fireworkapi1.com"]},"id":478,"priority":10},
{"action":{"type":"block"},"condition":{"domainType":"thirdParty","urlFilter":"||flipboard.com/web/buttons/"},"id":479,"priority":10},
{"action":{"type":"block"},"condition":{"domainType":"thirdParty","urlFilter":"||getbutton.io/widget-send-button/"},"id":480,"priority":10},
{"action":{"type":"block"},"condition":{"domainType":"thirdParty","urlFilter":"||getsocial.io/widget/"},"id":481,"priority":10},
{"action":{"type":"block"},"condition":{"domainType":"thirdParty","urlFilter":"||getsocial.io^*/gs_async.js"},"id":482,"priority":10},
{"action":{"type":"block"},"condition":{"domainType":"thirdParty","urlFilter":"||google.com/_/+1/"},"id":483,"priority":10},
{"action":{"type":"block"},"condition":{"domainType":"thirdParty","urlFilter":"||google.com^*/fastbutton?"},"id":484,"priority":10},
{"action":{"type":"block"},"condition":{"domainType":"thirdParty","urlFilter":"||graph.facebook.com/fql?q=select"},"id":485,"priority":10},
{"action":{"type":"block"},"condition":{"domainType":"thirdParty","urlFilter":"||hatena.ne.jp/entry/button/"},"id":486,"priority":10},
{"action":{"type":"block"},"condition":{"domainType":"thirdParty","urlFilter":"||herokuapp.com/button.html?"},"id":487,"priority":10},
{"action":{"type":"block"},"condition":{"domainType":"thirdParty","urlFilter":"||iconosquare.com/widget.php"},"id":488,"priority":10},
{"action":{"type":"block"},"condition":{"domainType":"thirdParty","urlFilter":"||jit.su/frame"},"id":489,"priority":10},
{"action":{"type":"block"},"condition":{"domainType":"thirdParty","urlFilter":"||karmacracy.com/widget"},"id":490,"priority":10},
{"action":{"type":"block"},"condition":{"domainType":"thirdParty","urlFilter":"||line-apps.com^*/thirdparty/"},"id":491,"priority":10},
{"action":{"type":"block"},"condition":{"domainType":"thirdParty","urlFilter":"||line.me/js/line-button.js?"},"id":492,"priority":10},
{"action":{"type":"block"},"condition":{"domainType":"thirdParty","urlFilter":"||linkedin.com/countserv/"},"id":493,"priority":10},
{"action":{"type":"block"},"condition":{"domainType":"thirdParty","urlFilter":"||linkedin.com/img/"},"id":494,"priority":10},
{"action":{"type":"block"},"condition":{"domainType":"thirdParty","urlFilter":"||linkedin.com/uas/js/userspace?"},"id":495,"priority":10},
{"action":{"type":"block"},"condition":{"domainType":"thirdParty","urlFilter":"||meerkatapp.co/btn/"},"id":496,"priority":10},
{"action":{"type":"block"},"condition":{"domainType":"thirdParty","urlFilter":"||patreon.com/becomepatronbutton.bundle.js"},"id":497,"priority":10},
{"action":{"type":"block"},"condition":{"domainType":"thirdParty","urlFilter":"||pinterest.com/images/"},"id":498,"priority":10},
{"action":{"type":"block"},"condition":{"domainType":"thirdParty","urlFilter":"||pinterest.com/js/pinit_main.js"},"id":499,"priority":10},
{"action":{"type":"block"},"condition":{"domainType":"thirdParty","urlFilter":"||pinterest.com/v1/urls/count.json"},"id":500,"priority":10},
{"action":{"type":"block"},"condition":{"domainType":"thirdParty","urlFilter":"||platform.twitter.com/anywhere.js"},"id":501,"priority":10},
{"action":{"type":"block"},"condition":{"domainType":"thirdParty","excludedResourceTypes":["main_frame","stylesheet","sub_frame"],"urlFilter":"||platform.twitter.com/embed/"},"id":502,"priority":10},
{"action":{"type":"block"},"condition":{"domainType":"thirdParty","urlFilter":"||platform.twitter.com/js/button."},"id":503,"priority":10},
{"action":{"type":"block"},"condition":{"domainType":"thirdParty","urlFilter":"||po.st/static/"},"id":504,"priority":10},
{"action":{"type":"block"},"condition":{"domainType":"thirdParty","urlFilter":"||reddit.com/api/info.json?"},"id":505,"priority":10},
{"action":{"type":"block"},"condition":{"domainType":"thirdParty","urlFilter":"||reddit.com/button.js?"},"id":506,"priority":10},
{"action":{"type":"block"},"condition":{"domainType":"thirdParty","urlFilter":"||reddit.com/static/"},"id":507,"priority":10},
{"action":{"type":"block"},"condition":{"domainType":"thirdParty","urlFilter":"||spotify.com/follow/"},"id":508,"priority":10},
{"action":{"type":"block"},"condition":{"domainType":"thirdParty","urlFilter":"||storeya.com/externalscript/"},"id":509,"priority":10},
{"action":{"type":"block"},"condition":{"domainType":"thirdParty","urlFilter":"||twitter.com/account/"},"id":510,"priority":10},
{"action":{"type":"block"},"condition":{"domainType":"thirdParty","urlFilter":"||vk.com/share.php?"},"id":511,"priority":10},
{"action":{"type":"block"},"condition":{"domainType":"thirdParty","urlFilter":"||vk.com/widget_community.php"},"id":512,"priority":10},
{"action":{"type":"block"},"condition":{"domainType":"thirdParty","urlFilter":"||vk.com/widget_community_messages.php?"},"id":513,"priority":10},
{"action":{"type":"block"},"condition":{"domainType":"thirdParty","urlFilter":"||vk.com/widget_like.php"},"id":514,"priority":10},
{"action":{"type":"block"},"condition":{"domainType":"thirdParty","excludedInitiatorDomains":["arudex.com","tapclap.com","ugo.ru","vk.com"],"urlFilter":"||vkontakte.ru/js/api/"},"id":515,"priority":10},
{"action":{"type":"block"},"condition":{"domainType":"thirdParty","urlFilter":"||vkontakte.ru/share.php?"},"id":516,"priority":10},
{"action":{"type":"block"},"condition":{"domainType":"thirdParty","urlFilter":"||vkontakte.ru/widget_community.php"},"id":517,"priority":10},
{"action":{"type":"block"},"condition":{"domainType":"thirdParty","urlFilter":"||vkontakte.ru/widget_like.php"},"id":518,"priority":10},
{"action":{"type":"block"},"condition":{"domainType":"thirdParty","urlFilter":"||weibo.com/staticjs/weiboshare.html"},"id":519,"priority":10},
{"action":{"type":"block"},"condition":{"domainType":"thirdParty","urlFilter":"||widgets.wp.com/likes/"},"id":520,"priority":10},
{"action":{"type":"block"},"condition":{"domainType":"thirdParty","urlFilter":"||wykop.pl/dataprovider/diggerwidget/"},"id":521,"priority":10},
{"action":{"type":"block"},"condition":{"domainType":"thirdParty","urlFilter":"||xing.com/img/buttons/"},"id":522,"priority":10},
{"action":{"type":"block"},"condition":{"domainType":"thirdParty","urlFilter":"||youtube.com/subscribe_embed?"},"id":523,"priority":10},
{"action":{"type":"block"},"condition":{"domainType":"thirdParty","urlFilter":"||youtube.com/subscribe_widget"},"id":524,"priority":10},
{"action":{"type":"block"},"condition":{"domainType":"thirdParty","urlFilter":"||zextit.com/partners/"},"id":525,"priority":10},
{"action":{"type":"block"},"condition":{"domainType":"thirdParty","urlFilter":"||probook.bg/like?"},"id":526,"priority":10},
{"action":{"type":"block"},"condition":{"domainType":"thirdParty","urlFilter":"||werkenntwen.de/images/buttons/"},"id":527,"priority":10},
{"action":{"type":"block"},"condition":{"domainType":"thirdParty","urlFilter":"||plugins.mixi.jp/favorite.pl?"},"id":528,"priority":10},
{"action":{"type":"block"},"condition":{"domainType":"thirdParty","excludedInitiatorDomains":["b.hatena.ne.jp"],"resourceTypes":["image"],"urlFilter":"||b.st-hatena.com/images/"},"id":535,"priority":10},
{"action":{"type":"block"},"condition":{"domainType":"thirdParty","excludedInitiatorDomains":["b.hatena.ne.jp"],"resourceTypes":["script"],"urlFilter":"||b.st-hatena.com/js/"},"id":536,"priority":10},
{"action":{"type":"block"},"condition":{"domainType":"thirdParty","resourceTypes":["script"],"urlFilter":"||twitter.com/js/timeline."},"id":537,"priority":10},
{"action":{"type":"block"},"condition":{"domainType":"thirdParty","requestDomains":["digg.com","fark.com"],"resourceTypes":["script"]},"id":538,"priority":10},
{"action":{"type":"block"},"condition":{"domainType":"thirdParty","requestDomains":["digg.com","friends2follow.com"],"resourceTypes":["sub_frame"]},"id":539,"priority":10},
{"action":{"type":"allow"},"condition":{"urlFilter":"/angular-facebook.js"},"id":540,"priority":30},
{"action":{"type":"allow"},"condition":{"urlFilter":"||authy.com/wp-content/themes/authy/assets/images/icons/"},"id":541,"priority":30},
{"action":{"type":"allow"},"condition":{"urlFilter":"||cdn.flowplayer.com^*/share.min.js"},"id":542,"priority":30},
{"action":{"type":"allow"},"condition":{"initiatorDomains":["muse.place"],"urlFilter":"||d27rt3a60hh1lx.cloudfront.net/models/"},"id":543,"priority":30},
{"action":{"type":"allow"},"condition":{"initiatorDomains":["cieplikpodrozuje.pl","makulscy.com"],"urlFilter":"||facebook.com^*/plugins/page.php?"},"id":544,"priority":30},
{"action":{"type":"allow"},"condition":{"urlFilter":"||jsdelivr.net/npm/sharer.js"},"id":545,"priority":30},
{"action":{"type":"allow"},"condition":{"urlFilter":"||login.kataweb.it^*/sprite-social.png"},"id":546,"priority":30},
{"action":{"type":"allow"},"condition":{"urlFilter":"||moneyweb.co.za^*/social-shares.min.js?"},"id":547,"priority":30},
{"action":{"type":"allow"},"condition":{"urlFilter":"||parlament.mt/scripts/easy-social-share.js"},"id":548,"priority":30},
{"action":{"type":"allow"},"condition":{"initiatorDomains":["maanmittauslaitos.fi","verkkouutiset.fi"],"urlFilter":"||reactandshare.com/plugin/rns.js"},"id":549,"priority":30},
{"action":{"type":"allow"},"condition":{"initiatorDomains":["mediamatters.org","politico.com"],"urlFilter":"||s7.addthis.com^*/addthis_widget.js"},"id":550,"priority":30},
{"action":{"type":"allow"},"condition":{"initiatorDomains":["bristan.com"],"urlFilter":"||sharethis.com/button/buttons.js"},"id":551,"priority":30},
{"action":{"type":"allow"},"condition":{"urlFilter":"||tgcom24.mediaset.it/assets/js/amd/socialcount.js"},"id":552,"priority":30},
{"action":{"type":"allow"},"condition":{"urlFilter":"||thecity.m24.ru/css/ya-share.css"},"id":553,"priority":30},
{"action":{"type":"allow"},"condition":{"urlFilter":"||thecompany.pl/graf/icons/youtube.png"},"id":554,"priority":30},
{"action":{"type":"allow"},"condition":{"initiatorDomains":["wetter.com"],"urlFilter":"||wettercomassets.com/wcomv5/images/footer/"},"id":555,"priority":30},
{"action":{"type":"allow"},"condition":{"resourceTypes":["stylesheet"],"urlFilter":"/wp-content/plugins/wp-minify/min/?*,wp-content"},"id":556,"priority":30},
{"action":{"type":"allow"},"condition":{"initiatorDomains":["jut.su"],"resourceTypes":["script","stylesheet"],"urlFilter":"||gen.jut.su/jcdn/minify?charset=*/videojs-share."},"id":557,"priority":30},
{"action":{"type":"allow"},"condition":{"resourceTypes":["image"],"urlFilter":"||3obieg.pl/wp-content/themes/sowe/css/content/"},"id":558,"priority":30},
{"action":{"type":"allow"},"condition":{"initiatorDomains":["adguard.com"],"resourceTypes":["image"],"urlFilter":"||adguard.com/public/adguard/blog/android/comparison/facebook_"},"id":559,"priority":30},
{"action":{"type":"allow"},"condition":{"resourceTypes":["image"],"urlFilter":"||enumizmatyczny.pl/modules/hifacebookconnect/"},"id":560,"priority":30},
{"action":{"type":"allow"},"condition":{"resourceTypes":["image"],"urlFilter":"||iconizer.net/files/*_social_"},"id":561,"priority":30},
{"action":{"type":"allow"},"condition":{"resourceTypes":["image"],"urlFilter":"||player.fm^*/social-icons/"},"id":562,"priority":30},
{"action":{"type":"allow"},"condition":{"resourceTypes":["image"],"urlFilter":"||softicons.com/download/"},"id":563,"priority":30},
{"action":{"type":"allow"},"condition":{"resourceTypes":["image"],"urlFilter":"||tosdr.org/logo/"},"id":564,"priority":30},
{"action":{"type":"allow"},"condition":{"initiatorDomains":["vrsicilia.it"],"resourceTypes":["script"],"urlFilter":"||digitrend.it/wonder-marketing/assets/wordpress/js/videojs-share.min.js?"},"id":565,"priority":30},
{"action":{"type":"allow"},"condition":{"initiatorDomains":["suttonquebec.com"],"resourceTypes":["script"],"urlFilter":"||static.addtoany.com/menu/page.js"},"id":566,"priority":30},
{"action":{"type":"allow"},"condition":{"resourceTypes":["script"],"urlFilter":"||yastatic.net/share2/share.js"},"id":567,"priority":30},
{"action":{"type":"allow"},"condition":{"resourceTypes":["xmlhttprequest"],"urlFilter":"||app.conceptboard.com^*/socialicons.js"},"id":568,"priority":30},
{"action":{"type":"allow"},"condition":{"domainType":"firstParty","urlFilter":"/wp-content/plugins/share-this-image/"},"id":569,"priority":30},
{"action":{"type":"allow"},"condition":{"domainType":"firstParty","urlFilter":"/wp-content/plugins/socialauth-wp/"},"id":570,"priority":30},
{"action":{"type":"allow"},"condition":{"domainType":"firstParty","urlFilter":"/wp-content/plugins/wordpress-social-login/"},"id":571,"priority":30},
{"action":{"type":"allow"},"condition":{"domainType":"firstParty","urlFilter":"||answers.ros.org/m/default/media/images/socialsprite.png"},"id":572,"priority":30},
{"action":{"type":"allow"},"condition":{"domainType":"firstParty","urlFilter":"||arcgis.com/apps/nearby/app/components/share/"},"id":573,"priority":30},
{"action":{"type":"allow"},"condition":{"domainType":"firstParty","urlFilter":"||arhn.eu/wp-content/themes/socialize/"},"id":574,"priority":30},
{"action":{"type":"allow"},"condition":{"domainType":"firstParty","urlFilter":"||assets.msn.com/bundles/*/social-bar-"},"id":575,"priority":30},
{"action":{"type":"allow"},"condition":{"domainType":"firstParty","urlFilter":"||comelitgroup.com/wp-content/themes/comelitgroup/includes/js/instafeed.min.js"},"id":576,"priority":30},
{"action":{"type":"allow"},"condition":{"domainType":"firstParty","urlFilter":"||comelitgroup.com/wp-content/themes/comelitgroup/includes/js/socialshare.min.js"},"id":577,"priority":30},
{"action":{"type":"allow"},"condition":{"domainType":"firstParty","urlFilter":"||fc-zenit.ru/local/templates/new_html/css/nav-social-2/"},"id":578,"priority":30},
{"action":{"type":"allow"},"condition":{"domainType":"firstParty","urlFilter":"||findicons.com/files/icons/"},"id":579,"priority":30},
{"action":{"type":"allow"},"condition":{"domainType":"firstParty","urlFilter":"||iconfinder.com/data/icons/"},"id":580,"priority":30},
{"action":{"type":"allow"},"condition":{"domainType":"firstParty","urlFilter":"||ncsoft.jp/js/common/jws/socialbar.js"},"id":581,"priority":30},
{"action":{"type":"allow"},"condition":{"domainType":"firstParty","urlFilter":"||srf.ch/socialview-in/"},"id":582,"priority":30},
{"action":{"type":"allow"},"condition":{"domainType":"firstParty","urlFilter":"||supremacy1914.com/fileadmin/templates/"},"id":583,"priority":30},
{"action":{"type":"allow"},"condition":{"domainType":"firstParty","urlFilter":"||tweet.mapping.jp/data/czml/tweets.json"},"id":584,"priority":30},
{"action":{"type":"allow"},"condition":{"domainType":"firstParty","resourceTypes":["script","stylesheet"],"urlFilter":"/wp-content/plugins/bwp-minify/min/?*,wp-content"},"id":585,"priority":30},
{"action":{"type":"allow"},"condition":{"domainType":"firstParty","resourceTypes":["image"],"urlFilter":"/wp-content/plugins/wp-rocket/"},"id":586,"priority":30},
{"action":{"type":"allow"},"condition":{"domainType":"firstParty","resourceTypes":["image"],"urlFilter":"||brave.com/wp-content/uploads/"},"id":587,"priority":30},
{"action":{"type":"allow"},"condition":{"domainType":"firstParty","resourceTypes":["image"],"urlFilter":"||iconspedia.com/icon/"},"id":588,"priority":30},
{"action":{"type":"allow"},"condition":{"domainType":"firstParty","resourceTypes":["image"],"urlFilter":"||logo.wine/a/logo/"},"id":589,"priority":30},
{"action":{"type":"allow"},"condition":{"domainType":"firstParty","resourceTypes":["image"],"urlFilter":"||meltyblood.typelumina.com/resources/img/common/"},"id":590,"priority":30},
{"action":{"type":"allow"},"condition":{"domainType":"firstParty","resourceTypes":["image"],"urlFilter":"||pngrepo.com/png/"},"id":591,"priority":30},
{"action":{"type":"allow"},"condition":{"domainType":"firstParty","resourceTypes":["image"],"urlFilter":"||svgrepo.com/show/"},"id":592,"priority":30},
{"action":{"type":"allow"},"condition":{"domainType":"firstParty","resourceTypes":["image"],"urlFilter":"||yap.ru/html/static/share/"},"id":593,"priority":30},
{"action":{"type":"allow"},"condition":{"domainType":"firstParty","resourceTypes":["image"],"urlFilter":"||yaplakal.com/html/static/"},"id":594,"priority":30},
{"action":{"type":"allow"},"condition":{"domainType":"firstParty","resourceTypes":["script"],"urlFilter":"||app.veggly.net/plugins/cordova-plugin-x-socialsharing/"},"id":595,"priority":30},
{"action":{"type":"allow"},"condition":{"domainType":"firstParty","resourceTypes":["script"],"urlFilter":"||inscience.news/svc/getscript.aspx"},"id":596,"priority":30},
{"action":{"type":"allow"},"condition":{"domainType":"firstParty","resourceTypes":["script"],"urlFilter":"||livesicilia.it/wp-content/plugins/digistream/digiplayer/js/videojs-share.min.js?"},"id":597,"priority":30},
{"action":{"type":"allow"},"condition":{"domainType":"firstParty","resourceTypes":["script"],"urlFilter":"||nhk.or.jp/common/sns/nol_share.js"},"id":598,"priority":30},
{"action":{"type":"allow"},"condition":{"domainType":"firstParty","resourceTypes":["script"],"urlFilter":"||nuxt.com/_nuxt/sociallinks."},"id":599,"priority":30},
{"action":{"type":"allow"},"condition":{"domainType":"firstParty","resourceTypes":["script"],"urlFilter":"||politumor.ru/engine/classes/min/index.php?f=*/share42.js"},"id":600,"priority":30},
{"action":{"type":"allow"},"condition":{"domainType":"firstParty","resourceTypes":["script"],"urlFilter":"||qds.it/wp-content/plugins/digistream/digiplayer/js/videojs-share.min.js?"},"id":601,"priority":30},
{"action":{"type":"allow"},"condition":{"domainType":"firstParty","resourceTypes":["script"],"urlFilter":"||radio24.ilsole24ore.com/plugins/cordova-plugin-x-socialsharing/www/socialsharing.js"},"id":602,"priority":30},
{"action":{"type":"allow"},"condition":{"domainType":"firstParty","resourceTypes":["script"],"urlFilter":"||tf1.fr/public/*-share-"},"id":603,"priority":30},
{"action":{"type":"allow"},"condition":{"domainType":"firstParty","resourceTypes":["script"],"urlFilter":"||tgstat.ru/js/share2/share.js"},"id":604,"priority":30},
{"action":{"type":"allow"},"condition":{"domainType":"firstParty","requestDomains":["ahaan.co.uk"],"resourceTypes":["xmlhttprequest"]},"id":606,"priority":30},
{"action":{"type":"allow"},"condition":{"domainType":"firstParty","resourceTypes":["xmlhttprequest"],"urlFilter":"||commonsensemedia.org/ajax/review/"},"id":607,"priority":30},
{"action":{"type":"allow"},"condition":{"domainType":"firstParty","resourceTypes":["xmlhttprequest"],"urlFilter":"||kinogoo.cc/engine/classes/min/index.php"},"id":608,"priority":30},
{"action":{"type":"allow"},"condition":{"domainType":"firstParty","resourceTypes":["xmlhttprequest"],"urlFilter":"||vpobede.ru/assets/images/footer-social/"},"id":609,"priority":30},
{"action":{"type":"allow"},"condition":{"domainType":"thirdParty","resourceTypes":["script"],"urlFilter":"||static.parastorage.com/services/editor-elements/dist/facebookshare."},"id":610,"priority":30},
{"action":{"type":"allow"},"condition":{"domainType":"thirdParty","resourceTypes":["sub_frame"],"urlFilter":"||instagram.com/p/"},"id":611,"priority":30}
]
