[
{"action":{"type":"block"},"condition":{"urlFilter":".com/qc/"},"id":1,"priority":10},
{"action":{"type":"block"},"condition":{"excludedInitiatorDomains":["linkneverdie.net"],"urlFilter":".net/ads/"},"id":2,"priority":10},
{"action":{"type":"block"},"condition":{"urlFilter":".vn/ad/"},"id":3,"priority":10},
{"action":{"type":"block"},"condition":{"urlFilter":".vn/qc/"},"id":4,"priority":10},
{"action":{"type":"block"},"condition":{"urlFilter":"/ads/*.gif"},"id":5,"priority":10},
{"action":{"type":"block"},"condition":{"urlFilter":"/ads/popup_"},"id":6,"priority":10},
{"action":{"type":"block"},"condition":{"urlFilter":"/banner-ads."},"id":7,"priority":10},
{"action":{"type":"block"},"condition":{"excludedInitiatorDomains":["marsvenus.vn"],"urlFilter":"/banner/*.gif"},"id":8,"priority":10},
{"action":{"type":"block"},"condition":{"urlFilter":"/blueserving."},"id":9,"priority":10},
{"action":{"type":"block"},"condition":{"urlFilter":"/giadinhonline.vn/files/qc/"},"id":10,"priority":10},
{"action":{"type":"block"},"condition":{"initiatorDomains":["xemphimchill.xyz"],"urlFilter":"/i.imgur.com"},"id":11,"priority":10},
{"action":{"type":"block"},"condition":{"initiatorDomains":["90phutz46.live","cakhiai.cc","keonhacai55.cc","listnhacai88.com","mitomz27.live","motphimww.net","phimdinhcao.net","phimlongtieng.com","phimlongtieng.net","phimmoi.ing","plcdn.xyz","rakhoiz38.live","veboz54.live","www.phimdinhcaoz.com","xemtivingon.org","xoilacxj.cc","xoilaczz63.live"],"urlFilter":"/i.imgur.com/*.gif"},"id":12,"priority":10},
{"action":{"type":"block"},"condition":{"urlFilter":"/polyad."},"id":13,"priority":10},
{"action":{"type":"block"},"condition":{"urlFilter":"/popunder7."},"id":14,"priority":10},
{"action":{"type":"block"},"condition":{"excludedInitiatorDomains":["thegioididong.com"],"urlFilter":"/qcao/"},"id":15,"priority":10},
{"action":{"type":"block"},"condition":{"urlFilter":"/quang%20cao/"},"id":16,"priority":10},
{"action":{"type":"block"},"condition":{"urlFilter":"/quang_cao/"},"id":17,"priority":10},
{"action":{"type":"block"},"condition":{"urlFilter":"/quangcao."},"id":18,"priority":10},
{"action":{"type":"block"},"condition":{"urlFilter":"/quangcao/"},"id":19,"priority":10},
{"action":{"type":"block"},"condition":{"urlFilter":"/root/ads/"},"id":20,"priority":10},
{"action":{"type":"block"},"condition":{"urlFilter":"/sbbanner.com"},"id":21,"priority":10},
{"action":{"type":"block"},"condition":{"urlFilter":"/stores/ads_data/"},"id":22,"priority":10},
{"action":{"type":"block"},"condition":{"urlFilter":"/taichinhdoanhnghiep.net.vn/files/qc"},"id":23,"priority":10},
{"action":{"type":"block"},"condition":{"initiatorDomains":["afamily.vn","cafef.vn","gamek.vn","genk.vn","kenh14.vn","soha.vn","thanhnien.vn","tuoitre.vn"],"urlFilter":"/tracking_info.gif"},"id":24,"priority":10},
{"action":{"type":"block"},"condition":{"excludedInitiatorDomains":["danet.vn"],"urlFilter":"/videojs.ads."},"id":25,"priority":10},
{"action":{"type":"block"},"condition":{"excludedInitiatorDomains":["earthcam.com","jut.su"],"urlFilter":"/videojs.ima.js"},"id":26,"priority":10},
{"action":{"type":"block"},"condition":{"urlFilter":"/wp-auto-affiliate-links/"},"id":27,"priority":10},
{"action":{"type":"block"},"condition":{"urlFilter":"||10gb.vn/assets/ads/"},"id":28,"priority":10},
{"action":{"type":"block"},"condition":{"urlFilter":"||123nhadatviet.com/media/ck/banners/"},"id":29,"priority":10},
{"action":{"type":"block"},"condition":{"urlFilter":"||123nhadatviet.net/media/ck/banners/"},"id":30,"priority":10},
{"action":{"type":"block"},"condition":{"urlFilter":"||2banh.vn/images/banners/"},"id":31,"priority":10},
{"action":{"type":"block"},"condition":{"urlFilter":"||ads*.autodaily.vn"},"id":32,"priority":10},
{"action":{"type":"block"},"condition":{"initiatorDomains":["nghenhinvietnam.vn"],"requestDomains":["ads.nghenhinvietnam.vn"]},"id":33,"priority":10},
{"action":{"type":"block"},"condition":{"urlFilter":"||animehay.ink^*.gif"},"id":34,"priority":10},
{"action":{"type":"block"},"condition":{"urlFilter":"||animet3.info^*.gif"},"id":35,"priority":10},
{"action":{"type":"block"},"condition":{"initiatorDomains":["mythethao.net"],"urlFilter":"||asecdn.w88media.com/vn/250x250-vn.gif"},"id":36,"priority":10},
{"action":{"type":"block"},"condition":{"urlFilter":"||baohaugiang.com.vn/uploads/slidehomeimg/"},"id":37,"priority":10},
{"action":{"type":"block"},"condition":{"urlFilter":"||baonga.com/fileupload/images/*banner"},"id":38,"priority":10},
{"action":{"type":"block"},"condition":{"urlFilter":"||bonbanh.com/ad/"},"id":39,"priority":10},
{"action":{"type":"block"},"condition":{"initiatorDomains":["thichxemphim1.net"],"urlFilter":"||cdn.thichxemphim1.net/wp-content/themes/halimmovies-child/jscm.min.js"},"id":40,"priority":10},
{"action":{"type":"block"},"condition":{"urlFilter":"||chillphimmoi.pro/assets/js/popup.js"},"id":41,"priority":10},
{"action":{"type":"block"},"condition":{"urlFilter":"||chodansinh.net^*.gif"},"id":42,"priority":10},
{"action":{"type":"block"},"condition":{"urlFilter":"||chotlo3s.com^*gif"},"id":43,"priority":10},
{"action":{"type":"block"},"condition":{"urlFilter":"||code.gunnymienphi.net^*.gif"},"id":44,"priority":10},
{"action":{"type":"block"},"condition":{"urlFilter":"||danketoan.com/banner/"},"id":45,"priority":10},
{"action":{"type":"block"},"condition":{"requestDomains":["ad.vidverto.io","ads-cdn.fptplay.net","ads.6789live.com","ads.mxhnkn.pro","ads.starzd.com","adtima-static.zascdn.me","adtimaserver.vn","aff.cdnntx.com","affordedseasick.com","aj1047.online","aj1559.online","aj2393.online","ajsc.yodimedia.com","amcdn.vn","api.adfly.vn","apinas.nct.vn","asg.phukienthoitranggiare.com","avhduwvirosl.com","baobabsruesome.com","bardicjazzed.com","bidgear-syndication.com","blurbreimbursetrombone.com","brittlesturdyunlovable.com","cdn.adop.asia","cdn.adxcontent.com","cdn.tpmedia.online","cdnv.tpmedia.online","chouthep.net","click.advertnative.com","cnt.trvdp.com","contineljs.com","cpt.geniee.jp","delivery.yomedia.vn","discourseoxidizingtransfer.com","distinctrobin.com","effacedefend.com","fpgedsewst.com","fv.togataurnfuls.com","genmonet.com","glodretsa.net","grubsnuchale.com","grunoaph.net","gullyending.com","hymenvapour.com","i9zk5f8szj4x8saj5wcks8acja5sk1dz8stjs2g8isdcn6ejxn8zsr5xjs5h.com","iads.staticscdn.net","iads.vision","imad24.com","img.yeuketqua.net","immaculate-suspect.com","js.aiservice.vn","jsc.yodimedia.com","kgfjrb711.com","link.cado.pro","media.yomedia.vn","midgetmaying.com","mneydirec.com","mwejhobumo.com","nrs6ffl9w.com","ny.foonerne.com","pk910324e.com","platform.adlinknetwork.vn","player.gliacloud.com","pub.akadigital.vn","pub.lavamedia.vn","qc.violet.vn","qcv5.blogtruyenmoi.com","qz.almudestilths.com","rkgwzfwjgk.com","rottencycle.com","rq.overseagyassa.com","sbbanner.com","ss.yomedia.vn","static.adconnect.vn","static.dable.io","static.eclick.vn","static.philacct.com","stummertitis.com","syphonseity.com","t7cp4fldl.com","tags.fly-ads.net","tags.native-ad.net","toathoule.com","tutsterblanche.com","tvc.biphim.club","v9banners.com","vads.net.vn","www.displayvertising.com","xenosmussal.com","xszpuvwr7.com","ybs2ffs7v.com","yr.fopbandido.com"]},"id":46,"priority":10},
{"action":{"type":"block"},"condition":{"urlFilter":"||datcang.vn/images/khicon.jpg"},"id":47,"priority":10},
{"action":{"type":"block"},"condition":{"urlFilter":"||forum.idichvuseo.com/images/quang-cao"},"id":48,"priority":10},
{"action":{"type":"block"},"condition":{"urlFilter":"||fshare.vn/lib/jwplayer/jwplayer.js"},"id":49,"priority":10},
{"action":{"type":"block"},"condition":{"initiatorDomains":["mythethao.net"],"urlFilter":"||fun6668.com/banner/"},"id":50,"priority":10},
{"action":{"type":"block"},"condition":{"urlFilter":"||ghienphim.io/client_assets/js/minijumb.js"},"id":51,"priority":10},
{"action":{"type":"block"},"condition":{"initiatorDomains":["phimno1.me"],"urlFilter":"||github.com/vietcodeno1/basic-lesson/"},"id":52,"priority":10},
{"action":{"type":"block"},"condition":{"initiatorDomains":["hhtqvietsub.me"],"requestDomains":["googleusercontent.com"]},"id":53,"priority":10},
{"action":{"type":"block"},"condition":{"urlFilter":"||huphimtv.com/assets/themes/js/wonderfarm68.js"},"id":54,"priority":10},
{"action":{"type":"block"},"condition":{"initiatorDomains":["nhadautu.vn"],"urlFilter":"||i.ex-cdn.com/nhadautu.vn/files/qc/"},"id":55,"priority":10},
{"action":{"type":"block"},"condition":{"initiatorDomains":["vozer.net"],"urlFilter":"||i.imgur.com/81uid6d.jpg"},"id":56,"priority":10},
{"action":{"type":"block"},"condition":{"initiatorDomains":["vozer.net"],"urlFilter":"||i.imgur.com/fbuh5aq.png"},"id":57,"priority":10},
{"action":{"type":"block"},"condition":{"initiatorDomains":["gocmod.com"],"urlFilter":"||i45.servimg.com/u/f45/"},"id":58,"priority":10},
{"action":{"type":"block"},"condition":{"urlFilter":"||iamcdn.net/players/playera.dmins.js"},"id":59,"priority":10},
{"action":{"type":"block"},"condition":{"urlFilter":"||iamcdn.net/players/playhydraxs.min.js"},"id":60,"priority":10},
{"action":{"type":"block"},"condition":{"urlFilter":"||kenhgamez.co^*.gif"},"id":61,"priority":10},
{"action":{"type":"block"},"condition":{"urlFilter":"||kenhtin.net/upload/images/banner-"},"id":62,"priority":10},
{"action":{"type":"block"},"condition":{"urlFilter":"||kienthuc.net.vn/*.ads"},"id":63,"priority":10},
{"action":{"type":"block"},"condition":{"urlFilter":"||laodong.vn/*quangcaoonline"},"id":64,"priority":10},
{"action":{"type":"block"},"condition":{"urlFilter":"||maclife.io^*.gif"},"id":65,"priority":10},
{"action":{"type":"block"},"condition":{"urlFilter":"||mocfun.net/uploads/banners/"},"id":66,"priority":10},
{"action":{"type":"block"},"condition":{"urlFilter":"||motchill.love/js/ads_xx.js"},"id":67,"priority":10},
{"action":{"type":"block"},"condition":{"initiatorDomains":["muabanraovat.com"],"urlFilter":"||nhadatvang.vn/images/"},"id":68,"priority":10},
{"action":{"type":"block"},"condition":{"urlFilter":"||nhipcaudautu.vn/media/*.gif"},"id":69,"priority":10},
{"action":{"type":"block"},"condition":{"urlFilter":"||notepad.vn/media/images/like68.jpg"},"id":70,"priority":10},
{"action":{"type":"block"},"condition":{"urlFilter":"||phimmoinhat.top^*.gif"},"id":71,"priority":10},
{"action":{"type":"block"},"condition":{"urlFilter":"||phimnhanhvl.com^*.gif"},"id":72,"priority":10},
{"action":{"type":"block"},"condition":{"urlFilter":"||phimnhua.net^*.gif"},"id":73,"priority":10},
{"action":{"type":"block"},"condition":{"urlFilter":"||photo2.tinhte.vn/data/attachment-files/*banner"},"id":74,"priority":10},
{"action":{"type":"block"},"condition":{"initiatorDomains":["vebo4.net","xem.vebo31.net"],"urlFilter":"||photo2.tinhte.vn^*.gif"},"id":75,"priority":10},
{"action":{"type":"block"},"condition":{"initiatorDomains":["xemtivi4k.com"],"urlFilter":"||pic1025.com^*gif"},"id":76,"priority":10},
{"action":{"type":"block"},"condition":{"initiatorDomains":["tuoitre.vn"],"requestDomains":["raovat.tuoitre.vn"]},"id":77,"priority":10},
{"action":{"type":"block"},"condition":{"initiatorDomains":["muabanraovat.com"],"urlFilter":"||raovatdidong.vn/images/"},"id":78,"priority":10},
{"action":{"type":"block"},"condition":{"initiatorDomains":["hhtm.site"],"urlFilter":"||sansale.online/hhtm.js"},"id":79,"priority":10},
{"action":{"type":"block"},"condition":{"urlFilter":"||sggp.org.vn/*banner"},"id":80,"priority":10},
{"action":{"type":"block"},"condition":{"urlFilter":"||sharecode.vn/assets/images/thiet-ke-web-gia-re.jpg"},"id":81,"priority":10},
{"action":{"type":"block"},"condition":{"urlFilter":"||sharecode.vn/assets/images/thiet-ke-website.jpg"},"id":82,"priority":10},
{"action":{"type":"block"},"condition":{"urlFilter":"||sohuutritue.net.vn/files/qc/"},"id":83,"priority":10},
{"action":{"type":"block"},"condition":{"urlFilter":"||soikeo365.net^*.gif"},"id":84,"priority":10},
{"action":{"type":"block"},"condition":{"urlFilter":"||soikeoz.vip^*.gif"},"id":85,"priority":10},
{"action":{"type":"block"},"condition":{"initiatorDomains":["ybox.vn"],"urlFilter":"||static.ybox.vn^*.gif"},"id":86,"priority":10},
{"action":{"type":"block"},"condition":{"urlFilter":"||subnhanh.sh/js/ads_xx.js"},"id":87,"priority":10},
{"action":{"type":"block"},"condition":{"urlFilter":"||thoigian.com.vn^*.gif"},"id":88,"priority":10},
{"action":{"type":"block"},"condition":{"urlFilter":"||thuysanvietnam.com.vn^*.gif"},"id":89,"priority":10},
{"action":{"type":"block"},"condition":{"urlFilter":"||tinhayvip.com^*.gif"},"id":90,"priority":10},
{"action":{"type":"block"},"condition":{"urlFilter":"||tinmoi.vn/?mod=ajax&act=getads"},"id":91,"priority":10},
{"action":{"type":"block"},"condition":{"urlFilter":"||toithuthuat.com^*.gif"},"id":92,"priority":10},
{"action":{"type":"block"},"condition":{"initiatorDomains":["abysscdn.com","freeplayervideo.com","geoip.redirect-ads.com","player-cdn.com","playhydrax.com"],"requestDomains":["tracker.idocdn.com"]},"id":93,"priority":10},
{"action":{"type":"block"},"condition":{"urlFilter":"||tructiep.vn/website/adv/"},"id":94,"priority":10},
{"action":{"type":"block"},"condition":{"urlFilter":"||truyenconect.com/uploads/*-truyenconect_com-*."},"id":95,"priority":10},
{"action":{"type":"block"},"condition":{"urlFilter":"||truyentuan.xyz/wp-content/banners"},"id":96,"priority":10},
{"action":{"type":"block"},"condition":{"urlFilter":"||truyentuan.xyz/wp-content/themes/nos/js/pop-before.js"},"id":97,"priority":10},
{"action":{"type":"block"},"condition":{"urlFilter":"||tudomuaban.com/public/upload/ad/"},"id":98,"priority":10},
{"action":{"type":"block"},"condition":{"urlFilter":"||tuviso.com/public/media//banner/"},"id":99,"priority":10},
{"action":{"type":"block"},"condition":{"urlFilter":"||tvhay.vc/guide/popup.xp-f.js"},"id":100,"priority":10},
{"action":{"type":"block"},"condition":{"initiatorDomains":["bongda365.news"],"urlFilter":"||upload.bongda365.news//banner/"},"id":101,"priority":10},
{"action":{"type":"block"},"condition":{"urlFilter":"||vidian.online/images/*.gif"},"id":102,"priority":10},
{"action":{"type":"block"},"condition":{"urlFilter":"||vivuphim.info^*.gif"},"id":103,"priority":10},
{"action":{"type":"block"},"condition":{"urlFilter":"||vnesports.net^*.gif"},"id":104,"priority":10},
{"action":{"type":"block"},"condition":{"urlFilter":"||vov.vn/ads/show-ads"},"id":105,"priority":10},
{"action":{"type":"block"},"condition":{"urlFilter":"||vsc60.com/wp-content/themes/vuasanco/assets/scripts/scripts.js"},"id":106,"priority":10},
{"action":{"type":"block"},"condition":{"urlFilter":"||www.bongdalu808.com^*.gif"},"id":107,"priority":10},
{"action":{"type":"block"},"condition":{"urlFilter":"||www.thuocbietduoc.com.vn/adv/"},"id":108,"priority":10},
{"action":{"type":"block"},"condition":{"initiatorDomains":["live.7mvn4.com"],"urlFilter":"||xc.1357668.com^*.gif"},"id":109,"priority":10},
{"action":{"type":"block"},"condition":{"urlFilter":"||zaloweb."},"id":110,"priority":10},
{"action":{"type":"block"},"condition":{"initiatorDomains":["phimsexhay669.pro"],"urlFilter":"||img.av3x.net/upload/av3x.net/banners/"},"id":111,"priority":10},
{"action":{"type":"block"},"condition":{"urlFilter":"||lxmanga.store/storage/images/banners"},"id":112,"priority":10},
{"action":{"type":"block"},"condition":{"urlFilter":"||ngaytho.me^*.gif"},"id":113,"priority":10},
{"action":{"type":"block"},"condition":{"urlFilter":"||phimsexsub.ch/wp-admin/admin-ajax.php?action=htmlcountry_get_data"},"id":114,"priority":10},
{"action":{"type":"block"},"condition":{"urlFilter":"||phym18.lol/static/js/adlia.js"},"id":115,"priority":10},
{"action":{"type":"block"},"condition":{"urlFilter":"||rphang.online^*.gif"},"id":116,"priority":10},
{"action":{"type":"block"},"condition":{"urlFilter":"||sayhentai.one/assets/js/ads.js"},"id":117,"priority":10},
{"action":{"type":"block"},"condition":{"urlFilter":"||truyensextv.com^*.gif"},"id":118,"priority":10},
{"action":{"type":"block"},"condition":{"initiatorDomains":["phiimoi.net"],"resourceTypes":["image"],"urlFilter":"||blvtap.com^*.gif"},"id":119,"priority":10},
{"action":{"type":"block"},"condition":{"resourceTypes":["image","script","sub_frame"],"urlFilter":".tv/ads/"},"id":120,"priority":10},
{"action":{"type":"block"},"condition":{"initiatorDomains":["bongdaso66.net"],"resourceTypes":["image"],"urlFilter":"/adv/"},"id":121,"priority":10},
{"action":{"type":"block"},"condition":{"initiatorDomains":["90phutz46.live","bongdainfox.tv","cakhiai.cc","mitomz27.live","rakhoiz38.live","xoilaczz63.live"],"resourceTypes":["image"],"urlFilter":"||cdn.lfastcdn.com^*.gif"},"id":122,"priority":10},
{"action":{"type":"block"},"condition":{"initiatorDomains":["vuighe4.com"],"resourceTypes":["image","xmlhttprequest"],"urlFilter":"/mmo/"},"id":123,"priority":10},
{"action":{"type":"block"},"condition":{"resourceTypes":["image"],"urlFilter":"/newchill/*gif"},"id":124,"priority":10},
{"action":{"type":"block"},"condition":{"resourceTypes":["image","script"],"urlFilter":"/storage.adpia.vn"},"id":125,"priority":10},
{"action":{"type":"block"},"condition":{"resourceTypes":["image"],"urlFilter":"||animevietsubs.net/vast/"},"id":126,"priority":10},
{"action":{"type":"block"},"condition":{"resourceTypes":["image"],"urlFilter":"||animew.info/_next/image?url=https%3a%2f%2flh3.googleusercontent.com"},"id":127,"priority":10},
{"action":{"type":"block"},"condition":{"resourceTypes":["image"],"urlFilter":"||animew.info/_next/image?url=https%3a%2f%2fp21-ad-sg.ibyteimg.com"},"id":128,"priority":10},
{"action":{"type":"block"},"condition":{"resourceTypes":["image"],"urlFilter":"||blog.abit.vn/wp-content/uploads/2020/05/abit_"},"id":129,"priority":10},
{"action":{"type":"block"},"condition":{"initiatorDomains":["hayphim.cc","hhh3d.tv","hhninja13.tv","hhtm.site","hoathinh3dtq.site","hoathinhtq.site","phimhoathinh3d.vip","xem15.com","yanhh3d.tv"],"requestDomains":["blogger.googleusercontent.com"],"resourceTypes":["image"]},"id":130,"priority":10},
{"action":{"type":"block"},"condition":{"initiatorDomains":["timdaily.vn","xemtivi4k.com"],"requestDomains":["bp.blogspot.com"],"resourceTypes":["image"]},"id":131,"priority":10},
{"action":{"type":"block"},"condition":{"excludedInitiatorDomains":["aowvn.org","www.umu.pro.vn"],"resourceTypes":["image"],"urlFilter":"||bp.blogspot.com/*banner"},"id":132,"priority":10},
{"action":{"type":"block"},"condition":{"initiatorDomains":["gametv.vn"],"resourceTypes":["image"],"urlFilter":"||cdn-data.gtvplus.vn/banners/"},"id":133,"priority":10},
{"action":{"type":"block"},"condition":{"initiatorDomains":["banbuondalat.com","bimmup.tv","diendanit.net","fullcliphot.com","hoathinhtq.site","jav.sexkhongchehd.com","nhacdj.vn","phim18hd.in","phimbet.biz","phym18.lol","www.ssphim.us","xamvn.taxi","xem.tructiepnba.me","xx.sexkhongchemoi.com"],"requestDomains":["i.imgur.com"],"resourceTypes":["image"]},"id":134,"priority":10},
{"action":{"type":"block"},"condition":{"initiatorDomains":["webhoctienganh.com"],"resourceTypes":["image"],"urlFilter":"||cdn.webhoctienganh.com/asset/home/img/banner/"},"id":135,"priority":10},
{"action":{"type":"block"},"condition":{"initiatorDomains":["bichill.video","biphim.now","dongchill.pro","dongphim.la","hhpanda.li","motchill.love","subnhanh.sh","subnhanhvl.li"],"resourceTypes":["image"],"urlFilter":"||cdn2-img.net^*.gif"},"id":136,"priority":10},
{"action":{"type":"block"},"condition":{"resourceTypes":["image"],"urlFilter":"||chillphimmoi.pro/assets/*.gif"},"id":137,"priority":10},
{"action":{"type":"block"},"condition":{"initiatorDomains":["motchilltv.la"],"resourceTypes":["image"],"urlFilter":"||cloud.motchill-stream.win/common/ads/"},"id":138,"priority":10},
{"action":{"type":"block"},"condition":{"resourceTypes":["image"],"urlFilter":"||docnhanh.vn/images/ads/"},"id":139,"priority":10},
{"action":{"type":"block"},"condition":{"resourceTypes":["image"],"urlFilter":"||doctruyenchu.info/ads/"},"id":140,"priority":10},
{"action":{"type":"block"},"condition":{"initiatorDomains":["forum.gocmod.com"],"requestDomains":["down-cvs-vn.img.susercontent.com","i.upanh.org"],"resourceTypes":["image"]},"id":141,"priority":10},
{"action":{"type":"block"},"condition":{"resourceTypes":["image"],"urlFilter":"||fastscans4.net/_next/static/media/voucher."},"id":142,"priority":10},
{"action":{"type":"block"},"condition":{"initiatorDomains":["xem1080.com"],"requestDomains":["ff.imacdn.com"],"resourceTypes":["image"]},"id":143,"priority":10},
{"action":{"type":"block"},"condition":{"initiatorDomains":["dangcongsan.vn"],"resourceTypes":["image"],"urlFilter":"||file1.dangcongsan.vn^*.gif"},"id":144,"priority":10},
{"action":{"type":"block"},"condition":{"initiatorDomains":["xem19.gavang1.net","xem20.gavang1.net"],"resourceTypes":["image"],"urlFilter":"||gavangtv.cdn.vccloud.vn^*.gif"},"id":145,"priority":10},
{"action":{"type":"block"},"condition":{"resourceTypes":["image"],"urlFilter":"||ghienphim.io^*.gif"},"id":146,"priority":10},
{"action":{"type":"block"},"condition":{"initiatorDomains":["xemphim18.net"],"requestDomains":["github.com"],"resourceTypes":["image"]},"id":147,"priority":10},
{"action":{"type":"block"},"condition":{"resourceTypes":["image"],"urlFilter":"||goal.90phut24.xyz^*.gif"},"id":148,"priority":10},
{"action":{"type":"block"},"condition":{"resourceTypes":["image"],"urlFilter":"||heovktgame.club/wp-content/plugins/banner-management/"},"id":149,"priority":10},
{"action":{"type":"block"},"condition":{"resourceTypes":["image"],"urlFilter":"||hhhay.ink^*.gif"},"id":150,"priority":10},
{"action":{"type":"block"},"condition":{"initiatorDomains":["hhchina.shop"],"resourceTypes":["image"],"urlFilter":"||hhkungfu.club/88vn"},"id":151,"priority":10},
{"action":{"type":"block"},"condition":{"initiatorDomains":["diendanmaychu.vn"],"requestDomains":["hinhso.com"],"resourceTypes":["image"]},"id":152,"priority":10},
{"action":{"type":"block"},"condition":{"initiatorDomains":["ghienphim.io","hoathinh4k3.net","huphimtv.com","ketqua247vn.vip","mv.dailyphimz.com","mv.phimmoiaz.cc","mythethao.net","phimgichill.net","phimmoi.club","vtipster.net","vutruphim.tv","xemtivi.tvhayhd.tv","xemtivi4k.com"],"resourceTypes":["image"],"urlFilter":"||i.imgur.com^*.gif"},"id":153,"priority":10},
{"action":{"type":"block"},"condition":{"resourceTypes":["image"],"urlFilter":"||motchillie.net/banner"},"id":154,"priority":10},
{"action":{"type":"block"},"condition":{"initiatorDomains":["www.phimmoichilla.xyz"],"requestDomains":["i.postimg.cc"],"resourceTypes":["image"]},"id":155,"priority":10},
{"action":{"type":"block"},"condition":{"initiatorDomains":["file.gocmod.com"],"resourceTypes":["image"],"urlFilter":"||i.upanh.org/2024/08/26/10010994843d1ae219dfae70cb-34989a380c05c803e.jpeg"},"id":156,"priority":10},
{"action":{"type":"block"},"condition":{"resourceTypes":["image"],"urlFilter":"||image-eu-na-ctnytbefjq.4shares.live/90link/*.gif"},"id":157,"priority":10},
{"action":{"type":"block"},"condition":{"initiatorDomains":["phimmoi.club"],"resourceTypes":["image"],"urlFilter":"||image.cdend.com^*.gif"},"id":158,"priority":10},
{"action":{"type":"block"},"condition":{"resourceTypes":["image"],"urlFilter":"||img.iketqua.com^*.gif"},"id":159,"priority":10},
{"action":{"type":"block"},"condition":{"initiatorDomains":["phimmoi.ing"],"resourceTypes":["image"],"urlFilter":"||img.phimmoi.in^*.gif"},"id":160,"priority":10},
{"action":{"type":"block"},"condition":{"initiatorDomains":["phimtuoitho.site"],"resourceTypes":["image"],"urlFilter":"||img.upanh.tv^*.gif"},"id":161,"priority":10},
{"action":{"type":"block"},"condition":{"initiatorDomains":["mphim14.org"],"resourceTypes":["image"],"urlFilter":"||imgyn.imageshh.com^*.gif"},"id":162,"priority":10},
{"action":{"type":"block"},"condition":{"initiatorDomains":["animevietsub.cx","hayghechill.com","hoathinh4k3.net"],"resourceTypes":["image"],"urlFilter":"||lh3.googleusercontent.com/*=s0"},"id":163,"priority":10},
{"action":{"type":"block"},"condition":{"initiatorDomains":["hayhaytv.cc"],"requestDomains":["linkads.xyz"],"resourceTypes":["image"]},"id":164,"priority":10},
{"action":{"type":"block"},"condition":{"resourceTypes":["image"],"urlFilter":"||listnhacai88.com^*.gif"},"id":165,"priority":10},
{"action":{"type":"block"},"condition":{"initiatorDomains":["timdaily.vn"],"requestDomains":["live.staticflickr.com"],"resourceTypes":["image"]},"id":166,"priority":10},
{"action":{"type":"block"},"condition":{"initiatorDomains":["nghean24h.vn"],"requestDomains":["media.nghean24h.vn"],"resourceTypes":["image"]},"id":167,"priority":10},
{"action":{"type":"block"},"condition":{"resourceTypes":["image"],"urlFilter":"||phimhdctv.com^*.gif"},"id":168,"priority":10},
{"action":{"type":"block"},"condition":{"initiatorDomains":["truyenqqto.com"],"resourceTypes":["image"],"urlFilter":"||mplmncb.com/banners-web"},"id":169,"priority":10},
{"action":{"type":"block"},"condition":{"initiatorDomains":["nettruyenww.com"],"resourceTypes":["image"],"urlFilter":"||newoneinoldoneout.pro/banners-web/"},"id":170,"priority":10},
{"action":{"type":"block"},"condition":{"resourceTypes":["image"],"urlFilter":"||phim.vkool8.net/images/ads/"},"id":171,"priority":10},
{"action":{"type":"block"},"condition":{"initiatorDomains":["nungmup.net","pheclipsex.com","phevkl.my","phim18vip.vip","phimdinhcao.com","phimlongtieng.com","sexchichnhau.net","sexhihiz.ch","sieudam.vin","viet69.now","vlxx.tech","vlxyz.tube","www.phimdinhcaoz.com","www.phimlongtieng.net"],"requestDomains":["quoracdn.net"],"resourceTypes":["image"]},"id":172,"priority":10},
{"action":{"type":"block"},"condition":{"resourceTypes":["image"],"urlFilter":"||phimmoichillz.my/pop"},"id":173,"priority":10},
{"action":{"type":"block"},"condition":{"resourceTypes":["image"],"urlFilter":"||phimmoichillz.my^*.gif"},"id":174,"priority":10},
{"action":{"type":"block"},"condition":{"resourceTypes":["image"],"urlFilter":"||phimreview.org^*.gif"},"id":175,"priority":10},
{"action":{"type":"block"},"condition":{"resourceTypes":["image"],"urlFilter":"||phimss.net/assets/ads/"},"id":176,"priority":10},
{"action":{"type":"block"},"condition":{"resourceTypes":["image"],"urlFilter":"||phimvuihd.org^*.gif"},"id":177,"priority":10},
{"action":{"type":"block"},"condition":{"initiatorDomains":["phimdacap.tv"],"resourceTypes":["image"],"urlFilter":"||play.pdccf.online/staticpdc/ads/"},"id":178,"priority":10},
{"action":{"type":"block"},"condition":{"resourceTypes":["image"],"urlFilter":"||quaivatdienanh.com/*banner"},"id":179,"priority":10},
{"action":{"type":"block"},"condition":{"initiatorDomains":["home1.mannhan11.pro","home2.mannhan9.pro","mn.mediastation.live"],"resourceTypes":["image"],"urlFilter":"||static-mn.mediastation.live^*.gif"},"id":180,"priority":10},
{"action":{"type":"block"},"condition":{"initiatorDomains":["hhtq3d.net","hhtq5.vip","hhtq8.vip","hhvsub.com"],"resourceTypes":["image"],"urlFilter":"||s2.truyentot.com^*.gif"},"id":181,"priority":10},
{"action":{"type":"block"},"condition":{"initiatorDomains":["phiimoi.net"],"resourceTypes":["image"],"urlFilter":"||tizihay.com^*.gif"},"id":182,"priority":10},
{"action":{"type":"block"},"condition":{"initiatorDomains":["home2.mannhan9.pro"],"resourceTypes":["image"],"urlFilter":"||static-sk.mediastation.live^*.gif"},"id":183,"priority":10},
{"action":{"type":"block"},"condition":{"initiatorDomains":["metruyencv.com"],"resourceTypes":["image"],"urlFilter":"||static.cdnno.com/storage/topbox/*.webp"},"id":184,"priority":10},
{"action":{"type":"block"},"condition":{"initiatorDomains":["gavang3.link","xem19.gavang1.net","xem20.gavang1.net"],"resourceTypes":["image"],"urlFilter":"||stc02bc54661548.cloud.anycastapnic.com^*gif"},"id":185,"priority":10},
{"action":{"type":"block"},"condition":{"resourceTypes":["image"],"urlFilter":"||suckhoelamdep.vn^*.gif"},"id":186,"priority":10},
{"action":{"type":"block"},"condition":{"resourceTypes":["image"],"urlFilter":"||tailieuvnu.com/wp-content/uploads/2022/12/28/shopee-2*.png"},"id":187,"priority":10},
{"action":{"type":"block"},"condition":{"resourceTypes":["image"],"urlFilter":"||tepbac.com/upload/advertiment/"},"id":188,"priority":10},
{"action":{"type":"block"},"condition":{"resourceTypes":["image"],"urlFilter":"||thoigian.com.vn/mfiles/n/06/"},"id":189,"priority":10},
{"action":{"type":"block"},"condition":{"initiatorDomains":["javhd.social","javhd.tech","khosex.blog","phimsexvl69.net","sexsoc.info","vlxxai.net"],"resourceTypes":["image"],"urlFilter":"||cdn-01.w3img.com^*.gif"},"id":190,"priority":10},
{"action":{"type":"block"},"condition":{"resourceTypes":["image"],"urlFilter":"||tinsoikeo.live^*.gif"},"id":191,"priority":10},
{"action":{"type":"block"},"condition":{"resourceTypes":["image"],"urlFilter":"||traderviet.tv/data/siropu/am/user/"},"id":192,"priority":10},
{"action":{"type":"block"},"condition":{"resourceTypes":["image"],"urlFilter":"||tvhayd.com^*.gif"},"id":193,"priority":10},
{"action":{"type":"block"},"condition":{"initiatorDomains":["vn-z.vn"],"resourceTypes":["image"],"urlFilter":"||upanh.vn-z.vn/images/2024/05/20/ban-sao-deskin-banner-1.jpeg"},"id":194,"priority":10},
{"action":{"type":"block"},"condition":{"resourceTypes":["image"],"urlFilter":"||vesotantai.com/upload/photo/"},"id":195,"priority":10},
{"action":{"type":"block"},"condition":{"resourceTypes":["image"],"urlFilter":"||wibu47.com^*.gif"},"id":196,"priority":10},
{"action":{"type":"block"},"condition":{"initiatorDomains":["phimgichill.net"],"resourceTypes":["image"],"urlFilter":"||www.bk8vnaf.com^*.gif"},"id":197,"priority":10},
{"action":{"type":"block"},"condition":{"initiatorDomains":["tvzinghd.co"],"resourceTypes":["image"],"urlFilter":"||www.imghippo.com^*.gif"},"id":198,"priority":10},
{"action":{"type":"block"},"condition":{"resourceTypes":["image"],"urlFilter":"||www.thuocbietduoc.com.vn/aqc/"},"id":199,"priority":10},
{"action":{"type":"block"},"condition":{"resourceTypes":["image"],"urlFilter":"||xahoingaynay.com.vn/upload/"},"id":200,"priority":10},
{"action":{"type":"block"},"condition":{"initiatorDomains":["antt.vn"],"resourceTypes":["image"],"urlFilter":"||xmedia.antt.vn/upload/*.gif"},"id":201,"priority":10},
{"action":{"type":"block"},"condition":{"resourceTypes":["image"],"urlFilter":"||xxoilac.com^*.gif"},"id":202,"priority":10},
{"action":{"type":"block"},"condition":{"resourceTypes":["image"],"urlFilter":"||zcine.net^*.gif"},"id":203,"priority":10},
{"action":{"type":"block"},"condition":{"initiatorDomains":["phevkl.my","teletiengviet.com","tuoi69.vote","tuoinungvn.org","viet69.now"],"resourceTypes":["image"],"urlFilter":"/wp-content/uploads/*.gif"},"id":204,"priority":10},
{"action":{"type":"block"},"condition":{"initiatorDomains":["www.gvnvh.net"],"resourceTypes":["image"],"urlFilter":"||blogger.googleusercontent.com^*.gif"},"id":205,"priority":10},
{"action":{"type":"block"},"condition":{"resourceTypes":["image"],"urlFilter":"||topviet69.video^*.gif"},"id":206,"priority":10},
{"action":{"type":"block"},"condition":{"resourceTypes":["image"],"urlFilter":"||cliphot69.skin^*.gif"},"id":207,"priority":10},
{"action":{"type":"block"},"condition":{"resourceTypes":["image"],"urlFilter":"||cliphotvn69.com^*.gif"},"id":208,"priority":10},
{"action":{"type":"block"},"condition":{"initiatorDomains":["phim.sexxsub.pro"],"resourceTypes":["image"],"urlFilter":"||demo123.info/*ads/"},"id":209,"priority":10},
{"action":{"type":"block"},"condition":{"initiatorDomains":["avvietsub.info","phim18vip.vip","phimsexsub.xyz","phym18.lol"],"resourceTypes":["image"],"urlFilter":"||discordapp."},"id":210,"priority":10},
{"action":{"type":"block"},"condition":{"initiatorDomains":["sieudam.vin"],"resourceTypes":["image"],"urlFilter":"||github.com/taylordale7372189/"},"id":211,"priority":10},
{"action":{"type":"block"},"condition":{"initiatorDomains":["motchill.so","ohaytv.my"],"resourceTypes":["script"],"urlFilter":"/pop.js"},"id":212,"priority":10},
{"action":{"type":"block"},"condition":{"initiatorDomains":["javnong.cc"],"resourceTypes":["image"],"urlFilter":"||i.ibb.co^*.gif"},"id":213,"priority":10},
{"action":{"type":"block"},"condition":{"initiatorDomains":["www.buomtv.io"],"resourceTypes":["image"],"urlFilter":"||img.buomtv.vip/palivn/ad/"},"id":214,"priority":10},
{"action":{"type":"block"},"condition":{"initiatorDomains":["congdongmassage.com"],"resourceTypes":["image"],"urlFilter":"||img.congdongmassage.com/banner/"},"id":215,"priority":10},
{"action":{"type":"block"},"condition":{"initiatorDomains":["hd.javhay.site","jav.sexsub.icu","sex.tuoi69.store","vietxxx.xyz"],"resourceTypes":["image"],"urlFilter":"||jav.sexsub.icu^*.gif"},"id":216,"priority":10},
{"action":{"type":"block"},"condition":{"resourceTypes":["image"],"urlFilter":"||javtopxx.com/public/images/banner/"},"id":217,"priority":10},
{"action":{"type":"block"},"condition":{"resourceTypes":["image"],"urlFilter":"||ohaysex3x.net^*.gif"},"id":218,"priority":10},
{"action":{"type":"block"},"condition":{"initiatorDomains":["nungmup.net"],"resourceTypes":["image"],"urlFilter":"||nungmup.net^*.gif"},"id":219,"priority":10},
{"action":{"type":"block"},"condition":{"resourceTypes":["image"],"urlFilter":"||phimsexsub.ch^*.gif"},"id":220,"priority":10},
{"action":{"type":"block"},"condition":{"resourceTypes":["image"],"urlFilter":"||sayhentai.one/storage/images/banner/"},"id":221,"priority":10},
{"action":{"type":"block"},"condition":{"resourceTypes":["image"],"urlFilter":"||sexhd88.club/wp-content/themes/vidorev/img/jun881.png"},"id":222,"priority":10},
{"action":{"type":"block"},"condition":{"resourceTypes":["image"],"urlFilter":"||sexhd88.club^*.gif"},"id":223,"priority":10},
{"action":{"type":"block"},"condition":{"resourceTypes":["image"],"urlFilter":"||sieukhung.meme^*.gif"},"id":224,"priority":10},
{"action":{"type":"block"},"condition":{"initiatorDomains":["cliphot69.pics"],"resourceTypes":["image"],"urlFilter":"||telegra.ph/file/"},"id":225,"priority":10},
{"action":{"type":"block"},"condition":{"initiatorDomains":["fulllivehot.live"],"requestDomains":["telegra.ph"],"resourceTypes":["image"]},"id":226,"priority":10},
{"action":{"type":"block"},"condition":{"domainType":"firstParty","resourceTypes":["image"],"urlFilter":"||hsctvn.com/uploads/products/"},"id":227,"priority":10},
{"action":{"type":"block"},"condition":{"resourceTypes":["image"],"urlFilter":"||truyen18.fun/media/abc/"},"id":228,"priority":10},
{"action":{"type":"block"},"condition":{"resourceTypes":["image"],"urlFilter":"||truyen18.fun/media/banner/"},"id":229,"priority":10},
{"action":{"type":"block"},"condition":{"resourceTypes":["image"],"urlFilter":"||truyensextv.com/anh/"},"id":230,"priority":10},
{"action":{"type":"block"},"condition":{"resourceTypes":["image"],"urlFilter":"||truyenvn.vin^*banner"},"id":231,"priority":10},
{"action":{"type":"block"},"condition":{"resourceTypes":["image"],"urlFilter":"||www.buomtv.io/palivn/ad/"},"id":232,"priority":10},
{"action":{"type":"block"},"condition":{"requestDomains":["api.adda.link"],"resourceTypes":["image"]},"id":233,"priority":10},
{"action":{"type":"block"},"condition":{"resourceTypes":["script"],"urlFilter":".com/cpc/"},"id":234,"priority":10},
{"action":{"type":"block"},"condition":{"resourceTypes":["script"],"urlFilter":".net/cpf/"},"id":235,"priority":10},
{"action":{"type":"block"},"condition":{"resourceTypes":["script"],"urlFilter":"/content/js/jwplayer/vast.js"},"id":236,"priority":10},
{"action":{"type":"block"},"condition":{"resourceTypes":["script"],"urlFilter":"/aas/r45d/vki/"},"id":237,"priority":10},
{"action":{"type":"block"},"condition":{"resourceTypes":["script"],"urlFilter":"/beardeddragon"},"id":238,"priority":10},
{"action":{"type":"block"},"condition":{"initiatorDomains":["cafef.vn","gamek.vn","genk.vn","kenh14.vn","thanhnien.vn"],"resourceTypes":["script"],"urlFilter":"/core/"},"id":239,"priority":10},
{"action":{"type":"block"},"condition":{"resourceTypes":["script"],"urlFilter":"/detroitchicago"},"id":240,"priority":10},
{"action":{"type":"block"},"condition":{"resourceTypes":["script"],"urlFilter":"/disable-devtool.min.js"},"id":241,"priority":10},
{"action":{"type":"block"},"condition":{"resourceTypes":["script"],"urlFilter":"/porpoiseant"},"id":243,"priority":10},
{"action":{"type":"block"},"condition":{"resourceTypes":["script"],"urlFilter":"/siropu/am/core.min.js"},"id":244,"priority":10},
{"action":{"type":"block"},"condition":{"excludedInitiatorDomains":["cdn2.kenhvn2.com"],"resourceTypes":["script"],"urlFilter":"/v/*/vast.js"},"id":245,"priority":10},
{"action":{"type":"block"},"condition":{"initiatorDomains":["boctem.com","hayhaytv.org","hoathinhtq.site","phimdacap.tv","phimmoi.tuphim.net","player.cloudbeta.win","tvhay26.com","tvzinghd.co"],"resourceTypes":["script"],"urlFilter":"/vast.js"},"id":246,"priority":10},
{"action":{"type":"block"},"condition":{"initiatorDomains":["ytstv.me"],"resourceTypes":["script"],"urlFilter":"||acscdn.com/script/aclib.js"},"id":247,"priority":10},
{"action":{"type":"block"},"condition":{"resourceTypes":["script"],"urlFilter":"||ahaphimz.com/js/pov.js"},"id":248,"priority":10},
{"action":{"type":"block"},"condition":{"resourceTypes":["script"],"urlFilter":"||biphim.now/public/prom_ad/prom_ad.js"},"id":249,"priority":10},
{"action":{"type":"block"},"condition":{"resourceTypes":["script"],"urlFilter":"||dongphim.la/ads/ads_xx.js"},"id":250,"priority":10},
{"action":{"type":"block"},"condition":{"resourceTypes":["script"],"urlFilter":"||hotphimvn.cc/disable.js"},"id":251,"priority":10},
{"action":{"type":"block"},"condition":{"initiatorDomains":["truyenqqto.com"],"resourceTypes":["script"],"urlFilter":"||mplmncb.com/popup/"},"id":252,"priority":10},
{"action":{"type":"block"},"condition":{"resourceTypes":["script"],"urlFilter":"||nettruyenviet.com/assets/js/pop"},"id":253,"priority":10},
{"action":{"type":"block"},"condition":{"initiatorDomains":["nettruyenww.com"],"resourceTypes":["script"],"urlFilter":"||newoneinoldoneout.pro/popup"},"id":254,"priority":10},
{"action":{"type":"block"},"condition":{"resourceTypes":["script"],"urlFilter":"||nhipcaudautu.vn/*gafin"},"id":255,"priority":10},
{"action":{"type":"block"},"condition":{"resourceTypes":["script"],"urlFilter":"||phimmoi.ing/js/ads.js"},"id":256,"priority":10},
{"action":{"type":"block"},"condition":{"initiatorDomains":["yanhh3d.tv"],"resourceTypes":["script"],"urlFilter":"||sansale.online/hh3d.js"},"id":257,"priority":10},
{"action":{"type":"block"},"condition":{"resourceTypes":["script"],"urlFilter":"||server.zmedia.vn/static/"},"id":258,"priority":10},
{"action":{"type":"block"},"condition":{"resourceTypes":["script"],"urlFilter":"||the.tube/js/detect-ab.js"},"id":259,"priority":10},
{"action":{"type":"block"},"condition":{"resourceTypes":["script"],"urlFilter":"||the.tube/js/simpleblocker.js"},"id":260,"priority":10},
{"action":{"type":"block"},"condition":{"resourceTypes":["script"],"urlFilter":"||truyenwikidich.net/static/js/adx/"},"id":261,"priority":10},
{"action":{"type":"block"},"condition":{"resourceTypes":["script"],"urlFilter":"||vietjack.com/frontendweb/js/sp.js"},"id":262,"priority":10},
{"action":{"type":"block"},"condition":{"excludedInitiatorDomains":["phevkl.my","viet69.now"],"resourceTypes":["script"],"urlFilter":"/assets/js/vast.js"},"id":263,"priority":10},
{"action":{"type":"block"},"condition":{"resourceTypes":["script"],"urlFilter":"/player/vast.js"},"id":264,"priority":10},
{"action":{"type":"block"},"condition":{"initiatorDomains":["clipsex.cam","coiphimsex.net","gm.phimsexnhanh.tv","hd.javhay.site","phimsexviet.io","phimsexvietnam.app","sex.tuoi69.store","top1sex.me","vx.phimsexvip.cc","web.clipsex.xxx","ww1.ditnhau.cc"],"resourceTypes":["script"],"urlFilter":"/theme/custom.int.js"},"id":265,"priority":10},
{"action":{"type":"block"},"condition":{"resourceTypes":["script"],"urlFilter":"||phim.sexhayvl.org/theme/main.isa.js"},"id":266,"priority":10},
{"action":{"type":"block"},"condition":{"initiatorDomains":["play.stream4.me"],"resourceTypes":["script"],"urlFilter":"||play.stream4.me/jwplayer/vast.js"},"id":267,"priority":10},
{"action":{"type":"block"},"condition":{"initiatorDomains":["phevkl.my","viet69.now"],"requestDomains":["qcvip.xyz"],"resourceTypes":["script"]},"id":268,"priority":10},
{"action":{"type":"block"},"condition":{"resourceTypes":["script"],"urlFilter":"||quatvn.skin/ads.js"},"id":269,"priority":10},
{"action":{"type":"block"},"condition":{"resourceTypes":["script"],"urlFilter":"||vl3x.vip/ads/"},"id":270,"priority":10},
{"action":{"type":"block"},"condition":{"initiatorDomains":["x.clipsexhot.org"],"resourceTypes":["script"],"urlFilter":"||x.clipsexhot.org/theme/main.isa.js"},"id":271,"priority":10},
{"action":{"type":"block"},"condition":{"initiatorDomains":["xx.sexkhongchemoi.com"],"resourceTypes":["script"],"urlFilter":"||xx.sexkhongchemoi.com/theme/main.isa.js"},"id":272,"priority":10},
{"action":{"type":"block"},"condition":{"requestDomains":["adtima-static.zadn.vn"],"resourceTypes":["script"]},"id":273,"priority":10},
{"action":{"type":"block"},"condition":{"resourceTypes":["xmlhttprequest"],"urlFilter":".vn/c3s-ad/"},"id":274,"priority":10},
{"action":{"type":"block"},"condition":{"resourceTypes":["xmlhttprequest"],"urlFilter":"/ads/*.xml"},"id":275,"priority":10},
{"action":{"type":"block"},"condition":{"resourceTypes":["xmlhttprequest"],"urlFilter":"||fuhunn.net/content/rest?t=ads_config"},"id":276,"priority":10},
{"action":{"type":"block"},"condition":{"initiatorDomains":["bongdaso66.net"],"resourceTypes":["sub_frame"],"urlFilter":"/_bannerslot.aspx"},"id":277,"priority":10},
{"action":{"type":"block"},"condition":{"initiatorDomains":["tracnghiem.net"],"resourceTypes":["sub_frame"],"urlFilter":"||zunia.vn/ads.html"},"id":278,"priority":10},
{"action":{"type":"block"},"condition":{"initiatorDomains":["vl.phe.to"],"resourceTypes":["sub_frame"],"urlFilter":"||cloufdlare.com/ads/vn1.html"},"id":279,"priority":10},
{"action":{"type":"block"},"condition":{"resourceTypes":["sub_frame"],"urlFilter":"||hentaihvn.tv/qx/"},"id":280,"priority":10},
{"action":{"type":"block"},"condition":{"requestDomains":["cdn.javbabe.net"],"resourceTypes":["sub_frame"]},"id":281,"priority":10},
{"action":{"type":"block"},"condition":{"domainType":"firstParty","resourceTypes":["image"],"urlFilter":"||tram3d.vip^*.gif"},"id":283,"priority":10},
{"action":{"type":"block"},"condition":{"domainType":"firstParty","resourceTypes":["image"],"urlFilter":"||tuyensinhso.vn/images/banners/*.gif"},"id":284,"priority":10},
{"action":{"type":"block"},"condition":{"domainType":"firstParty","resourceTypes":["script"],"urlFilter":"/script/oneads.js"},"id":285,"priority":10},
{"action":{"type":"block"},"condition":{"domainType":"firstParty","resourceTypes":["script"],"urlFilter":"||doctruyenchu.info/home/js/ads.js"},"id":286,"priority":10},
{"action":{"type":"block"},"condition":{"domainType":"firstParty","resourceTypes":["script"],"urlFilter":"||domdomtruyen.net/script.js"},"id":287,"priority":10},
{"action":{"type":"block"},"condition":{"domainType":"firstParty","resourceTypes":["script"],"urlFilter":"||dongchill.pro/ads/ads_xx.js"},"id":288,"priority":10},
{"action":{"type":"block"},"condition":{"domainType":"firstParty","resourceTypes":["script"],"urlFilter":"||hhpanda.li/ads/"},"id":289,"priority":10},
{"action":{"type":"block"},"condition":{"domainType":"firstParty","resourceTypes":["script"],"urlFilter":"||motphim.cv/js/ads.js?"},"id":290,"priority":10},
{"action":{"type":"block"},"condition":{"domainType":"firstParty","resourceTypes":["script"],"urlFilter":"||nettruyenww.com/public/assets/js/pop"},"id":291,"priority":10},
{"action":{"type":"block"},"condition":{"domainType":"firstParty","resourceTypes":["script"],"urlFilter":"||phim.vkool8.net/js/pov.js"},"id":292,"priority":10},
{"action":{"type":"block"},"condition":{"domainType":"firstParty","resourceTypes":["script"],"urlFilter":"||phimmoichilltv.net/newchill/"},"id":293,"priority":10},
{"action":{"type":"block"},"condition":{"domainType":"firstParty","resourceTypes":["script"],"urlFilter":"||qthang.net/js/blocker"},"id":294,"priority":10},
{"action":{"type":"block"},"condition":{"domainType":"firstParty","resourceTypes":["script"],"urlFilter":"||subnhanh.sh/js/ads_xx.min.js"},"id":295,"priority":10},
{"action":{"type":"block"},"condition":{"domainType":"firstParty","resourceTypes":["script"],"urlFilter":"||subnhanhvl.li/js/ads_xx.js"},"id":296,"priority":10},
{"action":{"type":"block"},"condition":{"domainType":"firstParty","resourceTypes":["script"],"urlFilter":"||tvphim.li/ads/popup"},"id":297,"priority":10},
{"action":{"type":"block"},"condition":{"domainType":"firstParty","resourceTypes":["script"],"urlFilter":"||tvzinghd.co/wp-content/themes/zingtv/js/qci9bc.js"},"id":298,"priority":10},
{"action":{"type":"block"},"condition":{"domainType":"firstParty","resourceTypes":["script"],"urlFilter":"||v.xemphimviet.xyz/client_assets/js/minijumb.js"},"id":299,"priority":10},
{"action":{"type":"block"},"condition":{"domainType":"firstParty","resourceTypes":["script"],"urlFilter":"||www.clbgamesvn.com/diendan/popup/popup.js"},"id":300,"priority":10},
{"action":{"type":"block"},"condition":{"domainType":"firstParty","resourceTypes":["script"],"urlFilter":"||jav.sexkhongchehd.com/theme/main.isa.js"},"id":301,"priority":10},
{"action":{"type":"block"},"condition":{"domainType":"firstParty","requestDomains":["truyentuan.xyz"],"resourceTypes":["sub_frame"]},"id":302,"priority":10},
{"action":{"type":"block"},"condition":{"domainType":"thirdParty","requestDomains":["adflex.vn","adpia.vn","adtima.vn","ants.vn","blueseed.tv","fundingchoicesmessages.google.com","gammaplatform.com","genieesspv.jp","meta.vn","pub.lavanetwork.net","qc.coccoc.com","realclick.vn"]},"id":303,"priority":10},
{"action":{"type":"block"},"condition":{"domainType":"thirdParty","urlFilter":"||images.tuyensinh247.com^*.gif"},"id":304,"priority":10},
{"action":{"type":"block"},"condition":{"domainType":"thirdParty","urlFilter":"||quangcaosanpham.com/images/"},"id":305,"priority":10},
{"action":{"type":"block"},"condition":{"domainType":"thirdParty","urlFilter":"||storage.fshare.vn/images/"},"id":306,"priority":10},
{"action":{"type":"block"},"condition":{"domainType":"thirdParty","urlFilter":"||timsanpham.com/images/"},"id":307,"priority":10},
{"action":{"type":"block"},"condition":{"domainType":"thirdParty","urlFilter":"||uniad."},"id":308,"priority":10},
{"action":{"type":"block"},"condition":{"domainType":"thirdParty","resourceTypes":["image"],"urlFilter":"||tuyensinh247.com/"},"id":309,"priority":10},
{"action":{"type":"block"},"condition":{"domainType":"thirdParty","initiatorDomains":["afamily.vn","cafef.vn","gamek.vn","genk.vn","kenh14.vn","soha.vn","thanhnien.vn","tuoitre.vn"],"resourceTypes":["script"],"urlFilter":"/cms/arfcc.min.js"},"id":310,"priority":10},
{"action":{"type":"block"},"condition":{"domainType":"thirdParty","initiatorDomains":["afamily.vn","cafef.vn","gamek.vn","genk.vn","kenh14.vn","soha.vn","tuoitre.vn"],"resourceTypes":["script"],"urlFilter":"/cms/arf-"},"id":311,"priority":10},
{"action":{"type":"block"},"condition":{"domainType":"thirdParty","requestDomains":["ght.kernh41.com","taboola.com"],"resourceTypes":["script"]},"id":312,"priority":10},
{"action":{"type":"block"},"condition":{"domainType":"thirdParty","initiatorDomains":["sexdiaryx.live"],"resourceTypes":["script"]},"id":313,"priority":10},
{"action":{"type":"block"},"condition":{"domainType":"thirdParty","requestDomains":["bf.333xbet.com"],"resourceTypes":["media"]},"id":314,"priority":10},
{"action":{"type":"allow"},"condition":{"urlFilter":"/favicon.ico"},"id":315,"priority":30},
{"action":{"type":"allow"},"condition":{"urlFilter":"||anime47.cam/ads/v/8.26.9/jw"},"id":316,"priority":30},
{"action":{"type":"allow"},"condition":{"urlFilter":"||anime47.cam/ads/v/8.26.9/translations"},"id":317,"priority":30},
{"action":{"type":"allow"},"condition":{"initiatorDomains":["azrom.net"],"urlFilter":"||contextual.media.net/dmedianet.js"},"id":318,"priority":30},
{"action":{"type":"allow"},"condition":{"initiatorDomains":["cungthi.online","romgoc.net"],"urlFilter":"||googleads.g.doubleclick.net/pagead/"},"id":319,"priority":30},
{"action":{"type":"allow"},"condition":{"initiatorDomains":["cungthi.online"],"urlFilter":"||tpc.googlesyndication.com/sodar/sodar2.js"},"id":320,"priority":30},
{"action":{"type":"allow"},"condition":{"initiatorDomains":["www.gaingon18.me"],"requestDomains":["pagead2.googlesyndication.com"]},"id":321,"priority":30},
{"action":{"type":"allow"},"condition":{"initiatorDomains":["www.gvnvh.net"],"resourceTypes":["image"],"urlFilter":"||4.bp.blogspot.com/-faf4f4begfs/x6bgitbh8ri/aaaaaaaadr4/ti07qdfvywk4cpdnaj8mn5q_yvzug2cjgck4bgayycw/s1600/gvnvh18.png"},"id":322,"priority":30},
{"action":{"type":"allow"},"condition":{"initiatorDomains":["nghean24h.vn"],"resourceTypes":["image"],"urlFilter":"||media.nghean24h.vn/image_resize"},"id":323,"priority":30},
{"action":{"type":"allow"},"condition":{"initiatorDomains":["1shortlink.com","4g.tintuc247.top","753x.blogspot.com","anhdep24.com","anonyviet.com","apkmoddone.phongroblox.com","audiotruyenfull.com","cungthi.online","dafontvn.com","diendancauduong.com","duan24h.net","filess.us","giavang.net","gocmod.com","handydecor.com.vn","hoctoan123.com","ichi.pro","imail.edu.vn","ios.codevn.net","ipacrack.com","khotailieuonthi247.com","khuchotot.com","kiemlua.vn","kientruc360.info","kites.vn","lehait.net","letrongdai.vn","mifirm.net","minhpc.com","mod.lnpchannel.com","ngohoanganhtuan.com","ngohoanganhtuan.net","nguonhd.net","nhacsong.pro","phuongtrinhhoahoc.com","quangcaoyenbai.com","romgoc.net","sesenblog.com","sum.vn","taisachonthi.com","thelanb.com","thitotnghiepthpt.vn","thuthuatmeovat.net","tiengnhatdongian.com","toeicexamstore.xyz","toilaquantri.com","traderviet.tv","traffic1s.com","tromcap.com","truyenaudiocv.org","vanhoatamlinh.com","vnjpclub.com","vongquaymayman.one","vungoctuan.vn","web1s.asia","web1s.com","windowslite.net","www.gvnvh.net","www.iosviet.com","xaydungplus.com","ycongnghe.com","yhocdata.com"],"requestDomains":["pagead2.googlesyndication.com"],"resourceTypes":["image","script","xmlhttprequest"]},"id":324,"priority":30},
{"action":{"type":"allow"},"condition":{"initiatorDomains":["apkmoddone.com"],"resourceTypes":["script","xmlhttprequest"],"urlFilter":"||alwingulla.com/88/tag.min.js"},"id":325,"priority":30},
{"action":{"type":"allow"},"condition":{"initiatorDomains":["sctvonline.vn"],"resourceTypes":["script"],"urlFilter":"||cdnjs.cloudflare.com/ajax/libs/videojs-contrib-ads/6.0.0/videojs-contrib-ads.js"},"id":326,"priority":30},
{"action":{"type":"allow"},"condition":{"initiatorDomains":["24h.com.vn","danet.vn","fptplay.vn","game24h.vn","sctvonline.vn","vieon.vn"],"requestDomains":["imasdk.googleapis.com"],"resourceTypes":["script","xmlhttprequest"]},"id":327,"priority":30},
{"action":{"type":"allow"},"condition":{"initiatorDomains":["tuoitre.vn"],"resourceTypes":["script"],"urlFilter":"||media1.admicro.vn/cms/"},"id":328,"priority":30},
{"action":{"type":"allow"},"condition":{"initiatorDomains":["cafef.vn","gamek.vn","genk.vn","kenh14.vn"],"resourceTypes":["script"],"urlFilter":"||player.sohatv.vn/resource/"},"id":329,"priority":30},
{"action":{"type":"allow"},"condition":{"initiatorDomains":["handydecor.com.vn"],"resourceTypes":["script"],"urlFilter":"||securepubads.g.doubleclick.net/tag/js/gpt.js"},"id":330,"priority":30},
{"action":{"type":"allow"},"condition":{"initiatorDomains":["game24h.vn"],"requestDomains":["services.vlitag.com"],"resourceTypes":["script","xmlhttprequest"]},"id":331,"priority":30},
{"action":{"type":"allow"},"condition":{"initiatorDomains":["linkneverdie.net","linkneverdie.top","linkneverdie2.com"],"resourceTypes":["script"],"urlFilter":"||static.ads-twitter.com/uwt.js"},"id":332,"priority":30},
{"action":{"type":"allow"},"condition":{"initiatorDomains":["genk.vn"],"resourceTypes":["script"],"urlFilter":"||static.amcdn.vn/tka/cdn.js"},"id":333,"priority":30},
{"action":{"type":"allow"},"condition":{"initiatorDomains":["game24h.vn"],"resourceTypes":["script"],"urlFilter":"||vlitag.com/vli-assets/prebid/"},"id":334,"priority":30},
{"action":{"type":"allow"},"condition":{"initiatorDomains":["handydecor.com.vn"],"resourceTypes":["xmlhttprequest"],"urlFilter":"||static.doubleclick.net/instream/ad_status.js"},"id":335,"priority":30},
{"action":{"type":"allow"},"condition":{"resourceTypes":["xmlhttprequest"],"urlFilter":"||voz.vn/u/adx."},"id":336,"priority":30},
{"action":{"type":"allow"},"condition":{"initiatorDomains":["the.tube"],"requestDomains":["www3.doubleclick.net"],"resourceTypes":["xmlhttprequest"]},"id":337,"priority":30},
{"action":{"type":"allow"},"condition":{"initiatorDomains":["247phim.cc","vungtv.us"],"resourceTypes":["sub_frame"],"urlFilter":"||linkads.xyz/www.aphim.info/ads2video/embed.html"},"id":338,"priority":30},
{"action":{"type":"allow"},"condition":{"domainType":"firstParty","urlFilter":"||xahoingaynay.com.vn/upload/20989/20200817/asset_2_8x_9596af5d4e.png"},"id":339,"priority":30},
{"action":{"type":"allow"},"condition":{"domainType":"firstParty","initiatorDomains":["lehait.net"],"resourceTypes":["image"],"urlFilter":"/images/ad-300x250.jpg"},"id":340,"priority":30},
{"action":{"type":"allow"},"condition":{"domainType":"firstParty","resourceTypes":["script"],"urlFilter":"/wp-content/plugins/advanced-ads/admin/assets/js/advertisement.js"},"id":341,"priority":30},
{"action":{"type":"block"},"condition":{"domainType":"firstParty","resourceTypes":["script"],"urlFilter":"||wchem9.com/wp-content/plugins/deblocker/js/ads.min.js"},"id":343,"priority":10}
]
