{"schemaVersion":1,"campaigns":[{"campaignId":"8ebf74d1-c765-4ef6-acdb-3b37889dbffe","logo":{"alt":"Karate Combat - Download the app to play now","imageUrl":"46cf07e5-1f31-43c1-a84f-5e5d944e53fb.png","companyName":"Karate Combat","destinationUrl":"https://karate.com/app"},"wallpapers":[{"imageUrl":"213228c5-3690-48fb-84a7-8dd248d993f5.jpg","focalPoint":{"x":1254,"y":720},"creativeInstanceId":"4d7235ae-eea5-4ef8-83bc-340bbd6ec0c1"},{"imageUrl":"59514054-2004-4425-8c72-cc6a5c0f8f48.jpg","focalPoint":{"x":1232,"y":720},"creativeInstanceId":"6b779d36-01cb-4ef8-b41c-2720e8a90862"},{"imageUrl":"34f24458-1135-482d-9940-6dcb62472af4.jpg","focalPoint":{"x":1280,"y":720},"creativeInstanceId":"02b5ef3a-9aaf-4451-b018-37645f730a5d"}]}],"campaigns2":[{"campaignId":"8ebf74d1-c765-4ef6-acdb-3b37889dbffe","logo":{"alt":"Karate Combat - Download the app to play now","imageUrl":"46cf07e5-1f31-43c1-a84f-5e5d944e53fb.png","companyName":"Karate Combat","destinationUrl":"https://karate.com/app"},"wallpapers":[{"imageUrl":"213228c5-3690-48fb-84a7-8dd248d993f5.jpg","focalPoint":{"x":1254,"y":720},"creativeInstanceId":"4d7235ae-eea5-4ef8-83bc-340bbd6ec0c1"},{"imageUrl":"59514054-2004-4425-8c72-cc6a5c0f8f48.jpg","focalPoint":{"x":1232,"y":720},"creativeInstanceId":"6b779d36-01cb-4ef8-b41c-2720e8a90862"},{"imageUrl":"34f24458-1135-482d-9940-6dcb62472af4.jpg","focalPoint":{"x":1280,"y":720},"creativeInstanceId":"02b5ef3a-9aaf-4451-b018-37645f730a5d"}]}]}