[{"action":{"type":"block"},"condition":{"regexFilter":"^https?:\\/\\/.*\\/easylist\\/[0-9]{5}"},"id":1000000,"priority":10},{"action":{"type":"block"},"condition":{"initiatorDomains":["dev.miuiflash.com","djxmaza.in","jytechs.in","thecubexguide.com"],"regexFilter":"devfiles.pages.dev\\/img\\/[a-zA-Z0-9]{8,}.jpeg"},"id":1000001,"priority":10},{"action":{"type":"block"},"condition":{"initiatorDomains":["1337x.to","cryptobriefing.com","eztv.io","eztv.tf","eztv.yt","fmovies.taxi","fmovies.world","limetorrents.info","megaup.net","newser.com","sendit.cloud","tapelovesads.org","torlock.com","uiz.io","userscloud.com","vev.red","vidup.io","yourbittorrent2.com"],"regexFilter":"^https?:\\/\\/.*bit(ly)?\\.(com|ly)\\/"},"id":1000011,"priority":10},{"action":{"type":"block"},"condition":{"regexFilter":"^https:\\/\\/([a-z]+\\.)?sythe\\.org\\/[\\w\\W]{30,}","resourceTypes":["image"]},"id":1000013,"priority":10},{"action":{"type":"block"},"condition":{"initiatorDomains":["ipatriot.com"],"regexFilter":"^https?:\\/\\/(.+?\\.)?ipatriot\\.com[\\/]{1,}.*[a-zA-Z0-9]{9,}\\/[a-zA-Z0-9]{6,}\\/.*","resourceTypes":["image"]},"id":1000014,"priority":10},{"action":{"type":"block"},"condition":{"initiatorDomains":["letocard.fr"],"regexFilter":"^https?:\\/\\/(.+?\\.)?letocard\\.fr[\\/]{1,}.*[a-zA-Z0-9]{3,7}\\/[a-zA-Z0-9]{6,}\\/.*","resourceTypes":["image"]},"id":1000015,"priority":10},{"action":{"type":"block"},"condition":{"initiatorDomains":["letocard.fr"],"regexFilter":"^https?:\\/\\/(.+?\\.)?letocard\\.fr\\/[a-zA-Z0-9]{3,7}\\/[a-zA-Z0-9]{6,}\\/.*","resourceTypes":["image"]},"id":1000016,"priority":10},{"action":{"type":"block"},"condition":{"initiatorDomains":["lovezin.fr"],"regexFilter":"^https?:\\/\\/(.+?\\.)?lovezin\\.fr[\\/]{1,}.*[a-zA-Z0-9]{7,9}\\/[a-zA-Z0-9]{10,}\\/.*","resourceTypes":["image"]},"id":1000017,"priority":10},{"action":{"type":"block"},"condition":{"initiatorDomains":["naturalblaze.com"],"regexFilter":"^https?:\\/\\/(.+?\\.)?naturalblaze\\.com\\/wp-content\\/uploads\\/.*[a-zA-Z0-9]{14,}\\.*","resourceTypes":["image"]},"id":1000018,"priority":10},{"action":{"type":"block"},"condition":{"initiatorDomains":["newser.com"],"regexFilter":"^https?:\\/\\/(.+?\\.)?newser\\.com[\\/]{1,}.*[a-zA-Z0-9]{3,7}\\/[a-zA-Z0-9]{6,}\\/.*","resourceTypes":["image"]},"id":1000019,"priority":10},{"action":{"type":"block"},"condition":{"initiatorDomains":["rightwingnews.com"],"regexFilter":"^https?:\\/\\/(.+?\\.)?rightwingnews\\.com[\\/]{1,9}.*[a-zA-Z0-9]{8,}\\/[a-zA-Z0-9]{6,}\\/.*","resourceTypes":["image"]},"id":1000020,"priority":10},{"action":{"type":"block"},"condition":{"initiatorDomains":["topminceur.fr"],"regexFilter":"^https?:\\/\\/(.+?\\.)?topminceur\\.fr\\/[a-zA-Z0-9]{6,}\\/[a-zA-Z0-9]{3,}\\/.*","resourceTypes":["image"]},"id":1000021,"priority":10},{"action":{"type":"block"},"condition":{"initiatorDomains":["vitamiiin.com"],"regexFilter":"^https?:\\/\\/(.+?\\.)?vitamiiin\\.com\\/[\\/][\\/a-zA-Z0-9]{3,}\\/[a-zA-Z0-9]{6,}\\/.*","resourceTypes":["image"]},"id":1000022,"priority":10},{"action":{"type":"block"},"condition":{"initiatorDomains":["writerscafe.org"],"regexFilter":"^https?:\\/\\/(.+?\\.)?writerscafe\\.org[\\/]{1,}.*[a-zA-Z0-9]{3,7}\\/[a-zA-Z0-9]{6,}\\/.*","resourceTypes":["image"]},"id":1000023,"priority":10},{"action":{"type":"block"},"condition":{"initiatorDomains":["allthingsvegas.com","aupetitparieur.com","beforeitsnews.com","canadafreepress.com","concomber.com","conservativefiringline.com","dailylol.com","ipatriot.com","mamieastuce.com","meilleurpronostic.fr","miaminewtimes.com","naturalblaze.com","patriotnationpress.com","populistpress.com","thegatewaypundit.com","thelibertydaily.com","toptenz.net","vitamiiin.com","westword.com","wltreport.com","writerscafe.org"],"regexFilter":"^https?:\\/\\/.*\\.(com|net|org|fr)\\/[A-Za-z0-9]{1,}\\/[A-Za-z0-9]{1,}\\/[A-Za-z0-9]{2,}\\/.*","resourceTypes":["image"]},"id":1000024,"priority":10},{"action":{"type":"block"},"condition":{"initiatorDomains":["555.porn","abjav.com","abxxx.com","aniporn.com","asiantv.fun","bdsmx.tube","bigdick.tube","blackporn.tube","gaytxxx.com","hclips.com","imzog.com","in-porn.com","inporn.com","javdaddy.com","mrgay.tube","onlyporn.tube","porn555.com","pornclassic.tube","pornforrelax.com","porngo.tube","pornhits.com","pornj.com","pornl.com","pornq.com","porntop.com","pornzog.com","privatehomeclips.com","puporn.com","see.xxx","senzuri.tube","sextu.com","shemalez.com","sss.xxx","teenorgy.video","transtxxx.com","tubepornclassic.com","tuberel.com","txxxporn.tube","vxxx.com","xjav.tube","xmilf.com"],"regexFilter":"\\.[a-z]{3,5}\\/[0-9a-z]{8,12}\\/[0-9a-z]{8,12}\\.js$","resourceTypes":["script"]},"id":1000025,"priority":10},{"action":{"type":"block"},"condition":{"regexFilter":"\\/t\\/[0-9]{3}\\/[0-9]{3}\\/a[0-9]{4,9}\\.js$","resourceTypes":["script"]},"id":1000026,"priority":10},{"action":{"type":"block"},"condition":{"initiatorDomains":["embedflix.online","koyso.com","methstreams.com","nepu.to"],"regexFilter":"\\/z-[a-z0-9]{7,10}(\\.js)?$","resourceTypes":["script"]},"id":1000027,"priority":10},{"action":{"type":"block"},"condition":{"initiatorDomains":["1337x.to","clickndownload.click","clicknupload.click","cloudvideo.tv","downloadpirate.com","fmovies.taxi","fmovies.world","igg-games.com","indishare.org","linksly.co","megaup.net","mixdrop.ag","mp3-convert.org","nutritioninsight.com","ouo.press","pcgamestorrents.com","pcgamestorrents.org","powvideo.net","powvldeo.cc","primewire.sc","proxyer.org","sendit.cloud","sendspace.com","shrinke.me","shrinkhere.xyz","theproxy.ws","uiz.io","up-load.io","uploadever.com","uploadrar.com","uploadrive.com","uplovd.com","upstream.to","userscloud.com","vidoza.co","vidoza.net","vidup.io","vumoo.life","xtits.com","yourbittorrent2.com","ziperto.com"],"regexFilter":"^https?:\\/\\/.*\\/.*(sw[0-9a-z._-]{1,6}|\\.notify\\.).*","resourceTypes":["script"]},"id":1000030,"priority":10},{"action":{"type":"block"},"condition":{"initiatorDomains":["1vag.com","4tube.com","adult-channels.com","analdin.com","biguz.net","bogrodius.com","chikiporn.com","fantasti.cc","fuqer.com","fux.com","hclips.com","heavy-r.com","hog.tv","megapornx.com","milfzr.com","mypornhere.com","porn555.com","pornchimp.com","pornerbros.com","pornj.com","pornl.com","pornototale.com","porntube.com","sexu.com","sss.xxx","thisav.com","titkino.net","tubepornclassic.com","tuberel.com","tubev.sex","txxx.com","vidmo.org","vpornvideos.com","xozilla.com","youporn.lc","youpornhub.it","yourdailypornstars.com"],"regexFilter":"^https?:\\/\\/.*\\/.*sw[0-9._].*","resourceTypes":["script","xmlhttprequest"]},"id":1000031,"priority":10},{"action":{"type":"block"},"condition":{"initiatorDomains":["eporner.com"],"regexFilter":"^https?:\\/\\/.*\\.eporner\\.com\\/[0-9a-f]{10,}\\/$","resourceTypes":["script"]},"id":1000033,"priority":10},{"action":{"type":"block"},"condition":{"initiatorDomains":["kleinanzeigen.de"],"regexFilter":"^https?:\\/\\/fdts\\.ebay-kleinanzeigen\\.de\\/[a-z0-9]{13,18}\\.js\\?","resourceTypes":["script"]},"id":1000034,"priority":10},{"action":{"type":"block"},"condition":{"initiatorDomains":["spectrum.net"],"regexFilter":"^https?:\\/\\/pov\\.spectrum\\.net\\/[a-zA-Z0-9]{14,}\\.js","resourceTypes":["script"]},"id":1000035,"priority":10},{"action":{"type":"block"},"condition":{"initiatorDomains":["tjx.com"],"regexFilter":"^https?:\\/\\/tjmaxx\\.tjx\\.com\\/libraries\\/[a-z0-9]{20,}","resourceTypes":["script","xmlhttprequest"]},"id":1000036,"priority":10},{"action":{"type":"block"},"condition":{"initiatorDomains":["mbna.ca","td.com","tdbank.com"],"regexFilter":"^https?:\\/\\/tmx\\.(td|tdbank)\\.com\\/[a-z0-9]{14,18}\\.js.*","resourceTypes":["script"]},"id":1000037,"priority":10},{"action":{"type":"block"},"condition":{"initiatorDomains":["kleinanzeigen.de"],"regexFilter":"^https?:\\/\\/www\\.ebay-kleinanzeigen\\.de\\/[a-z0-9]{8}\\-[0-9a-f]{4}\\-","resourceTypes":["script"]},"id":1000038,"priority":10},{"action":{"type":"block"},"condition":{"initiatorDomains":["kroger.com"],"regexFilter":"^https?:\\/\\/www\\.kroger\\.com\\/content\\/{20,}","resourceTypes":["script","xmlhttprequest"]},"id":1000039,"priority":10},{"action":{"type":"block"},"condition":{"initiatorDomains":["chatgpt.com","openai.com"],"regexFilter":"^https?:\\/\\/chatgpt\\.com\\/ces\\/v1\\/[a-z]$","requestMethods":["post"],"resourceTypes":["xmlhttprequest"]},"id":1000040,"priority":10},{"action":{"type":"block"},"condition":{"regexFilter":"^https?:\\/\\/(?:ak\\.)?[a-z]{6,15}\\.(?:com|net)\\/4\\/\\d{7}","resourceTypes":["main_frame","sub_frame"]},"id":1000041,"priority":10},{"action":{"type":"block"},"condition":{"regexFilter":"_dating\\d\\/index\\.html\\?aref=","resourceTypes":["main_frame"]},"id":1000046,"priority":10},{"action":{"type":"block"},"condition":{"regexFilter":"^https:\\/\\/[a-z]{2,3}\\d\\.biz\\/go\\/[0-9a-z]{15,18}$","requestDomains":["biz"],"resourceTypes":["main_frame"]},"id":1000049,"priority":10},{"action":{"type":"block"},"condition":{"regexFilter":"^https:\\/\\/serch\\d{2}\\.biz\\/\\?p=","requestDomains":["biz"],"resourceTypes":["main_frame"]},"id":1000050,"priority":10},{"action":{"type":"block"},"condition":{"isUrlFilterCaseSensitive":true,"regexFilter":"^http:\\/\\/[a-z]{5}\\.[a-z]{5}\\.com\\/[a-z]{10}\\.apk$","requestDomains":["com"],"resourceTypes":["main_frame"]},"id":1000051,"priority":10},{"action":{"type":"block"},"condition":{"regexFilter":"^https:\\/\\/[0-9a-z]{12,16}\\.azureedge\\.net\\/\\d{4}\\/","resourceTypes":["main_frame"]},"id":1000053,"priority":10},{"action":{"type":"block"},"condition":{"isUrlFilterCaseSensitive":true,"regexFilter":"\\/[0-9a-f]{32}\\/maq\\/$","requestDomains":["com","top"],"resourceTypes":["main_frame"]},"id":1000055,"priority":10},{"action":{"type":"block"},"condition":{"regexFilter":"^https:\\/\\/vietg[a-z]v[0-9]*\\.cc\\/","requestDomains":["cc"],"resourceTypes":["main_frame"]},"id":1000056,"priority":10},{"action":{"type":"block"},"condition":{"regexFilter":"^https:\\/\\/[a-z]{40,}\\.pages\\.dev\\/","requestDomains":["pages.dev"],"resourceTypes":["main_frame"]},"id":1000057,"priority":10},{"action":{"type":"block"},"condition":{"excludedRequestDomains":["ee.co.uk"],"regexFilter":"^https:\\/\\/ee(?:-[a-z]{5,}){1,2}\\.web\\.app\\/","requestDomains":["web.app"],"resourceTypes":["main_frame"]},"id":1000058,"priority":10},{"action":{"type":"block"},"condition":{"excludedRequestDomains":["ee.co.uk"],"regexFilter":"^https:\\/\\/ee(?:-[a-z]{5,}){1,2}\\.firebaseapp\\.com\\/","requestDomains":["firebaseapp.com"],"resourceTypes":["main_frame"]},"id":1000059,"priority":10},{"action":{"type":"block"},"condition":{"excludedRequestDomains":["edu","gov","jio.com"],"isUrlFilterCaseSensitive":true,"regexFilter":"\\/recharge\\d?\\.(?:html|php)\\?mobile=\\d{10}\\b","resourceTypes":["main_frame"]},"id":1000060,"priority":10},{"action":{"type":"block"},"condition":{"excludedRequestDomains":["edu","gov","jio.com"],"isUrlFilterCaseSensitive":true,"regexFilter":"\\/offer\\.(?:html|php)\\?(?:mobile|rechargenumber)=\\d{10}\\b","resourceTypes":["main_frame"]},"id":1000061,"priority":10},{"action":{"type":"block"},"condition":{"excludedRequestDomains":["ourtime.com"],"regexFilter":"^https:\\/\\/ourtime\\.[a-z]+-[a-z]+\\.workers\\.dev\\/","requestDomains":["workers.dev"],"resourceTypes":["main_frame"]},"id":1000062,"priority":10},{"action":{"type":"block"},"condition":{"excludedRequestDomains":["booking.com"],"regexFilter":"^https:\\/\\/(?:[a-z]+\\.)?hotel-(?:id)?\\d{3,8}\\.eu\\/","requestDomains":["eu"],"resourceTypes":["main_frame"]},"id":1000063,"priority":10},{"action":{"type":"block"},"condition":{"excludedRequestDomains":["booking.com"],"regexFilter":"^https:\\/\\/(?:[a-z]+\\.)?hotel-(?:id)?\\d{3,8}\\.com\\/","requestDomains":["com"],"resourceTypes":["main_frame"]},"id":1000064,"priority":10},{"action":{"type":"block"},"condition":{"excludedRequestDomains":["booking.com"],"regexFilter":"^https:\\/\\/hotels-\\d{6}\\.eu\\/","requestDomains":["eu"],"resourceTypes":["main_frame"]},"id":1000065,"priority":10},{"action":{"type":"block"},"condition":{"excludedRequestDomains":["booking.com"],"regexFilter":"^https:\\/\\/booking\\.[a-z]{3,}-(?:id)?\\d{3,8}\\.eu\\/","requestDomains":["eu"],"resourceTypes":["main_frame"]},"id":1000066,"priority":10},{"action":{"type":"block"},"condition":{"excludedRequestDomains":["booking.com"],"regexFilter":"^https:\\/\\/booking(-[a-z]{3,}){2}\\.(?:baby|lat|lol|xyz)\\/","requestDomains":["baby","lat","lol","xyz"],"resourceTypes":["main_frame"]},"id":1000067,"priority":10},{"action":{"type":"block"},"condition":{"regexFilter":"^https?:\\/\\/([a-z]{4,}\\.)?support-\\d{1,2}\\.ru\\/","requestDomains":["ru"],"resourceTypes":["main_frame"]},"id":1000068,"priority":10},{"action":{"type":"block"},"condition":{"regexFilter":"^https:\\/\\/allegro[a-z]{2,}\\.shop\\/","requestDomains":["shop"],"resourceTypes":["main_frame"]},"id":1000069,"priority":10},{"action":{"type":"block"},"condition":{"regexFilter":"^https:\\/\\/allegro-\\d{3,4}\\.com\\/","requestDomains":["com"],"resourceTypes":["main_frame"]},"id":1000070,"priority":10},{"action":{"type":"block"},"condition":{"regexFilter":"^https:\\/\\/(?:seller\\.)?ebay-[a-z]{8,15}\\.com\\/","requestDomains":["com"],"resourceTypes":["main_frame"]},"id":1000071,"priority":10},{"action":{"type":"block"},"condition":{"excludedRequestDomains":["edu","gov","gov.vn","tpb.vn"],"regexFilter":"^https:\\/\\/tpbank\\.[-a-z0-9]{5,}\\.[a-z]{3}(?:\\.vn)?\\/","resourceTypes":["main_frame"]},"id":1000073,"priority":10},{"action":{"type":"block"},"condition":{"excludedRequestDomains":["mbbank.com.vn"],"regexFilter":"^https:\\/\\/mbdk\\d+\\.com\\/","requestDomains":["com"],"resourceTypes":["main_frame"]},"id":1000074,"priority":10},{"action":{"type":"block"},"condition":{"excludedRequestDomains":["facebook.com"],"isUrlFilterCaseSensitive":true,"regexFilter":"^https:\\/\\/business\\.[a-z]+confii?rm\\.com\\/meta-community-standard\\d{14,15}[^\\d]?","requestDomains":["com"],"resourceTypes":["main_frame"]},"id":1000075,"priority":10},{"action":{"type":"block"},"condition":{"excludedRequestDomains":["facebook.com"],"regexFilter":"^https:\\/\\/business-component\\.[a-z]+(-[a-z]+){2}\\.com\\/","requestDomains":["com"],"resourceTypes":["main_frame"]},"id":1000076,"priority":10},{"action":{"type":"block"},"condition":{"excludedRequestDomains":["facebook.com"],"isUrlFilterCaseSensitive":true,"regexFilter":"\\.(?:click|pages\\.dev|surge\\.sh)\\/help\\/contact\\/\\d{14,19}\\b","requestDomains":["click","pages.dev","surge.sh"],"resourceTypes":["main_frame"]},"id":1000077,"priority":10},{"action":{"type":"block"},"condition":{"excludedRequestDomains":["facebook.com"],"regexFilter":"\\.workers\\.dev\\/help\\/\\d{14,19}\\b","requestDomains":["workers.dev"],"resourceTypes":["main_frame"]},"id":1000078,"priority":10},{"action":{"type":"block"},"condition":{"excludedRequestDomains":["facebook.com"],"isUrlFilterCaseSensitive":true,"regexFilter":"\\.(?:boats|cfd)\\/contract\\/\\d{14,19}\\b","requestDomains":["boats","cfd"],"resourceTypes":["main_frame"]},"id":1000079,"priority":10},{"action":{"type":"block"},"condition":{"regexFilter":"\\.(?:pages\\.dev|vercel\\.app)\\/appeal_case_id\\b","requestDomains":["pages.dev","vercel.app"],"resourceTypes":["main_frame"]},"id":1000080,"priority":10},{"action":{"type":"block"},"condition":{"excludedRequestDomains":["facebook.com"],"regexFilter":"^https:\\/\\/(?:appeal|contact|page)\\.[a-z]{15,}\\.com\\/appeal_case_id\\b","requestDomains":["com"],"resourceTypes":["main_frame"]},"id":1000081,"priority":10},{"action":{"type":"block"},"condition":{"excludedRequestDomains":["facebook.com"],"isUrlFilterCaseSensitive":true,"regexFilter":"\\/contract\\/support-case-id=\\d{14,19}\\b","resourceTypes":["main_frame"]},"id":1000082,"priority":10},{"action":{"type":"block"},"condition":{"regexFilter":"^https:\\/\\/h5\\.[a-z0-9]{4}\\.com\\/","requestDomains":["com"],"resourceTypes":["main_frame"]},"id":1000083,"priority":10},{"action":{"type":"block"},"condition":{"excludedRequestDomains":["shopee.vn"],"regexFilter":"^https:\\/\\/sp\\d{2,3}88(?:vn)?\\.com\\/","requestDomains":["com"],"resourceTypes":["main_frame"]},"id":1000084,"priority":10},{"action":{"type":"block"},"condition":{"excludedRequestDomains":["steamcommunity.com"],"regexFilter":"^https:\\/\\/stea[a-z]{1,4}o[mn][a-z]{4,7}y[a-z]?\\.com\\/","requestDomains":["com"],"resourceTypes":["main_frame"]},"id":1000085,"priority":10},{"action":{"type":"block"},"condition":{"excludedRequestDomains":["steamcommunity.com"],"regexFilter":"^https:\\/\\/steam\\.(?:community)?workshop-?[a-z]+\\.com\\/","requestDomains":["com"],"resourceTypes":["main_frame"]},"id":1000086,"priority":10},{"action":{"type":"block"},"condition":{"excludedRequestDomains":["garena.vn"],"regexFilter":"^https:\\/\\/(?:www\\.)?(?:ff[-.])?member[-.]gare[a-z]+a(?:\\.pro)?\\.vn\\/","requestDomains":["vn"],"resourceTypes":["main_frame"]},"id":1000087,"priority":10},{"action":{"type":"block"},"condition":{"excludedRequestDomains":["garena.vn"],"regexFilter":"^https:\\/\\/(?:www\\.)?(?:ff[-.])?men?mber[-.]garena\\.vn\\/","requestDomains":["vn"],"resourceTypes":["main_frame"]},"id":1000088,"priority":10},{"action":{"type":"block"},"condition":{"regexFilter":"\\.com(\\.[a-z]{2})?\\/wp-includes\\/images\\/smilies\\/images?\\/smili?es\\/[a-z]{25,35}\\.html","resourceTypes":["main_frame"]},"id":1000090,"priority":10},{"action":{"type":"block"},"condition":{"regexFilter":"^https:\\/\\/[a-z]{14}\\.azureedge\\.net\\/\\d{4}j\\b","requestDomains":["azureedge.net"],"resourceTypes":["main_frame"]},"id":1000091,"priority":10},{"action":{"type":"block"},"condition":{"regexFilter":"^https:\\/\\/[-a-z]{4,}\\.dogfriendlytahoe\\.com\\/","requestDomains":["dogfriendlytahoe.com"],"resourceTypes":["main_frame"]},"id":1000092,"priority":10},{"action":{"type":"block"},"condition":{"excludedRequestDomains":["telegram.org"],"regexFilter":"^https:\\/\\/www\\.telegramk[a-z]\\.com\\/","requestDomains":["com"],"resourceTypes":["main_frame"]},"id":1000093,"priority":10},{"action":{"type":"block"},"condition":{"regexFilter":"^https:\\/\\/ht[a-z]\\d{2}\\.vip\\/","requestDomains":["vip"],"resourceTypes":["main_frame"]},"id":1000094,"priority":10},{"action":{"type":"block"},"condition":{"regexFilter":"^https:\\/\\/xy[a-z]\\d{2}\\.cc\\/","requestDomains":["cc"],"resourceTypes":["main_frame"]},"id":1000095,"priority":10},{"action":{"type":"block"},"condition":{"excludedRequestDomains":["usps.com"],"regexFilter":"^https:\\/\\/usps\\.[-a-z]{6,}\\.(?:com|top)\\/(?:address\\.html|information|verify)\\b","requestDomains":["com","top"],"resourceTypes":["main_frame"]},"id":1000096,"priority":10},{"action":{"type":"block"},"condition":{"excludedRequestDomains":["usps.com"],"regexFilter":"^https:\\/\\/transporta[a-z]{8,9}pro\\.top\\/i\\b","requestDomains":["top"],"resourceTypes":["main_frame"]},"id":1000097,"priority":10},{"action":{"type":"block"},"condition":{"regexFilter":"^https:\\/\\/(?:[a-z0-9]{2,}-)+10\\d{4}\\.weeblysite\\.com\\/","requestDomains":["weeblysite.com"],"resourceTypes":["main_frame"]},"id":1000098,"priority":10},{"action":{"type":"block"},"condition":{"regexFilter":"^https:\\/\\/(?:[a-z0-9]{2,}-)+10\\d{4}\\.square\\.site\\/","requestDomains":["square.site"],"resourceTypes":["main_frame"]},"id":1000099,"priority":10},{"action":{"type":"block"},"condition":{"regexFilter":"^https:\\/\\/[^.]+\\.codeanyapp\\.com\\/wp-content\\/.+\\/spo[a-z]{2}i\\/","requestDomains":["codeanyapp.com"],"resourceTypes":["main_frame"]},"id":1000100,"priority":10},{"action":{"type":"block"},"condition":{"regexFilter":"\\.(?:cc|com|top|vip)\\/index\\/index\\/lang\\/[a-z]{2}-[a-z]{2}\\b","requestDomains":["cc","com","top","vip"],"resourceTypes":["main_frame"]},"id":1000101,"priority":10},{"action":{"type":"block"},"condition":{"excludedRequestDomains":["coinbase.com"],"regexFilter":"^https:\\/\\/\\d{6}-coinbase\\.com\\/","resourceTypes":["main_frame"]},"id":1000102,"priority":10},{"action":{"type":"block"},"condition":{"excludedRequestDomains":["pancakeswap.finance"],"regexFilter":"^https:\\/\\/pancake(?:dro|swa)pclick\\d+\\.vercel\\.app\\/","requestDomains":["vercel.app"],"resourceTypes":["main_frame"]},"id":1000103,"priority":10},{"action":{"type":"block"},"condition":{"regexFilter":"^https:\\/\\/([a-z]-){10,15}[a-z]\\.(?:com|net|org)\\.tr\\/","requestDomains":["com.tr","net.tr","org.tr"],"resourceTypes":["main_frame"]},"id":1000104,"priority":10},{"action":{"type":"block"},"condition":{"excludedRequestDomains":["dienmayxanh.com"],"regexFilter":"^https?:\\/\\/dienmayxanh[-a-z0-9]+\\.com\\/","requestDomains":["com"],"resourceTypes":["main_frame"]},"id":1000106,"priority":10},{"action":{"type":"block"},"condition":{"regexFilter":"^https:\\/\\/dich-vu(?:-[a-z0-9]+){2,3}\\.com\\/","requestDomains":["com"],"resourceTypes":["main_frame"]},"id":1000107,"priority":10},{"action":{"type":"block"},"condition":{"excludedRequestDomains":["tiki.vn"],"regexFilter":"^https:\\/\\/zla\\d{3}\\.top\\/","requestDomains":["top"],"resourceTypes":["main_frame"]},"id":1000108,"priority":10},{"action":{"type":"block"},"condition":{"excludedRequestDomains":["lazada.vn"],"regexFilter":"^https:\\/\\/da\\d{4}\\.com\\/","requestDomains":["com"],"resourceTypes":["main_frame"]},"id":1000109,"priority":10},{"action":{"type":"block"},"condition":{"excludedRequestDomains":["tiki.vn"],"regexFilter":"^https:\\/\\/tdk[det]0[0-9]\\.com\\/","requestDomains":["com"],"resourceTypes":["main_frame"]},"id":1000110,"priority":10},{"action":{"type":"block"},"condition":{"excludedRequestDomains":["shopee.vn"],"regexFilter":"^https:\\/\\/(www\\.)?sp\\d{4,5}p\\.com\\/","requestDomains":["com"],"resourceTypes":["main_frame"]},"id":1000111,"priority":10},{"action":{"type":"block"},"condition":{"excludedRequestDomains":["shopee.vn"],"regexFilter":"^https:\\/\\/nz[a-z]\\d{5}s\\.com\\/","requestDomains":["com"],"resourceTypes":["main_frame"]},"id":1000112,"priority":10},{"action":{"type":"block"},"condition":{"regexFilter":"^https:\\/\\/amazon[a-z]\\d\\.com\\/","requestDomains":["com"],"resourceTypes":["main_frame"]},"id":1000113,"priority":10},{"action":{"type":"block"},"condition":{"isUrlFilterCaseSensitive":true,"regexFilter":"^https:\\/\\/[a-z]{6,19}\\.(?:com|net)\\/(?:static_)?file\\/\\?t=[_a-z0-9]+&ns=[a-z]{2}$","requestDomains":["com","net"],"resourceTypes":["main_frame"]},"id":1000117,"priority":10},{"action":{"type":"block"},"condition":{"excludedRequestDomains":["x.com"],"regexFilter":"^https:\\/\\/help\\.[a-z]{3,}-x-[a-z]{3,}\\.com\\/","requestDomains":["com"],"resourceTypes":["main_frame"]},"id":1000118,"priority":10},{"action":{"type":"block"},"condition":{"isUrlFilterCaseSensitive":true,"regexFilter":"^https?:\\/\\/[-a-z0-9]{8,}\\.ru\\/\\?load=[a-zA-Z0-9]+(-[a-zA-Z0-9]+)+$","requestDomains":["ru"],"resourceTypes":["main_frame"]},"id":1000120,"priority":10},{"action":{"type":"block"},"condition":{"excludedRequestDomains":["edu","gov","gov.gr"],"regexFilter":"^https:\\/\\/gov\\.[^.]*gr\\.[a-z]{2,6}","resourceTypes":["main_frame"]},"id":1000121,"priority":10},{"action":{"type":"block"},"condition":{"excludedRequestDomains":["com","edu","gov","net","org"],"isUrlFilterCaseSensitive":true,"regexFilter":"\\.[a-z]{3,}\\/a\\.aspx\\?cid=","resourceTypes":["main_frame"]},"id":1000122,"priority":10},{"action":{"type":"block"},"condition":{"excludedRequestDomains":["com","edu","gov","net","org"],"isUrlFilterCaseSensitive":true,"regexFilter":"\\.[a-z]{3,}\\/products\\.aspx\\?cname=.+&cid=","resourceTypes":["main_frame"]},"id":1000123,"priority":10},{"action":{"type":"block"},"condition":{"regexFilter":"^https:\\/\\/online\\.[a-z]{7,}\\.top\\/","requestDomains":["top"],"resourceTypes":["main_frame"]},"id":1000124,"priority":10},{"action":{"type":"block"},"condition":{"excludedRequestDomains":["gov.uk"],"regexFilter":"^https:\\/\\/winterpaymen[a-z]{2,5}\\.top\\/","requestDomains":["top"],"resourceTypes":["main_frame"]},"id":1000125,"priority":10},{"action":{"type":"block"},"condition":{"excludedRequestDomains":["com","edu","gov","net","org"],"regexFilter":"^https:\\/\\/usps\\.com-(?:\\w+\\.){1,2}[a-z]{2,4}\\/","resourceTypes":["main_frame"]},"id":1000126,"priority":10},{"action":{"type":"block"},"condition":{"excludedRequestDomains":["air-up.com"],"regexFilter":"^https:\\/\\/www\\.air-?up-?[a-z]{2,}\\.com\\/","requestDomains":["com"],"resourceTypes":["main_frame"]},"id":1000127,"priority":10},{"action":{"type":"block"},"condition":{"excludedRequestDomains":["air-up.com"],"regexFilter":"^https:\\/\\/www\\.xn--airup[a-z]{5,6}-[a-z0-9]{3}\\.com\\/","requestDomains":["com"],"resourceTypes":["main_frame"]},"id":1000128,"priority":10},{"action":{"type":"block"},"condition":{"domainType":"firstParty","initiatorDomains":["hottystop.com"],"regexFilter":"\\.com\\/[_0-9a-zA-Z]+\\.jpg$","resourceTypes":["image"]},"id":1000129,"priority":10},{"action":{"type":"block"},"condition":{"domainType":"firstParty","initiatorDomains":["playsexgames.xxx"],"regexFilter":"xxx\\/(?:[a-z]+[_-]){1,2}[a-z]+\\.(?:gif|jpg)$","resourceTypes":["image"]},"id":1000131,"priority":10},{"action":{"type":"block"},"condition":{"domainType":"firstParty","initiatorDomains":["palcomix.com"],"regexFilter":"\\.com\\/(full)?ad[0-9a-z]+\\.(?:gif|jpg)$","resourceTypes":["image"]},"id":1000132,"priority":10},{"action":{"type":"block"},"condition":{"domainType":"firstParty","initiatorDomains":["thesquarshers.com"],"regexFilter":"\\/images\\/(?:Banner\\d{1,2}\\.|[a-z]{3}\\/)","resourceTypes":["image"]},"id":1000133,"priority":10},{"action":{"type":"block"},"condition":{"domainType":"firstParty","initiatorDomains":["demonoid.is"],"isUrlFilterCaseSensitive":true,"regexFilter":"demonoid\\.is\\/[a-z0-9]{24}\\.jpg$","resourceTypes":["image"]},"id":1000134,"priority":10},{"action":{"type":"block"},"condition":{"domainType":"firstParty","initiatorDomains":["distrowatch.com"],"regexFilter":"^https:\\/\\/distrowatch\\.com\\/images\\/[a-z]+\\/[a-z]+$","resourceTypes":["image"]},"id":1000135,"priority":10},{"action":{"type":"block"},"condition":{"domainType":"firstParty","initiatorDomains":["tgx.rs"],"isUrlFilterCaseSensitive":true,"regexFilter":"\\/common\\/images\\/[a-z0-9]{1,5}\\-[a-z0-9]{1,5}\\.png$","resourceTypes":["image"]},"id":1000136,"priority":10},{"action":{"type":"block"},"condition":{"domainType":"firstParty","initiatorDomains":["imgadult.com","imgdrive.net","imgtaxi.com","imgwallet.com"],"regexFilter":"(?:com|net)\\/[0-9a-f]{12}\\.js$","resourceTypes":["script"]},"id":1000138,"priority":10},{"action":{"type":"block"},"condition":{"domainType":"firstParty","initiatorDomains":["hentai2w.com"],"regexFilter":"\\.com\\/\\d+\\/[0-9a-z]+\\.js$","resourceTypes":["script"]},"id":1000139,"priority":10},{"action":{"type":"block"},"condition":{"domainType":"firstParty","initiatorDomains":["camvideos.org"],"regexFilter":"\\/[0-9a-f]{12}\\.js$","resourceTypes":["script"]},"id":1000140,"priority":10},{"action":{"type":"block"},"condition":{"domainType":"firstParty","initiatorDomains":["thesun.co.uk"],"isUrlFilterCaseSensitive":true,"regexFilter":"^https:\\/\\/www\\.thesun\\.co\\.uk\\/[0-9a-z]{32}\\.js$","resourceTypes":["script"]},"id":1000141,"priority":10},{"action":{"type":"block"},"condition":{"domainType":"firstParty","initiatorDomains":["povaddict.com"],"regexFilter":"\\.com\\/[a-zA-Z]{10}\\.js$","resourceTypes":["script"]},"id":1000142,"priority":10},{"action":{"type":"block"},"condition":{"domainType":"firstParty","initiatorDomains":["zetporn.com"],"regexFilter":"\\.com\\/[A-Za-z]{9,}\\/[A-Za-z]{9,}\\.js$","resourceTypes":["script"]},"id":1000144,"priority":10},{"action":{"type":"block"},"condition":{"domainType":"firstParty","initiatorDomains":["teen-hd-sex.com","tube-teen-18.com","xxx-asian-tube.com"],"regexFilter":"\\.com\\/[0-9a-z]{12,}\\/[0-9a-z]{12,}\\.js$","resourceTypes":["script"]},"id":1000145,"priority":10},{"action":{"type":"block"},"condition":{"domainType":"firstParty","initiatorDomains":["fleshed.com"],"regexFilter":"\\/static\\/[0-9a-z]+\\/[0-9a-z]+\\.js$","resourceTypes":["script"]},"id":1000146,"priority":10},{"action":{"type":"block"},"condition":{"domainType":"firstParty","initiatorDomains":["eropics.to"],"regexFilter":"\\beropics\\.to\\/[a-zA-Z0-9]{8}\\.js$","resourceTypes":["script"]},"id":1000147,"priority":10},{"action":{"type":"block"},"condition":{"domainType":"firstParty","initiatorDomains":["ennovelas.com"],"regexFilter":"^https:\\/\\/www\\.ennovelas\\.com\\/[a-z0-9]{10}$","resourceTypes":["script"]},"id":1000148,"priority":10},{"action":{"type":"block"},"condition":{"domainType":"firstParty","regexFilter":"\\/assets\\/jquery\\/jquery-\\d\\.\\d\\.(?:\\d\\.)?min\\.js\\?(?:v=2)?&?type=(?:adult|mainstream)$","resourceTypes":["script"]},"id":1000149,"priority":10},{"action":{"type":"block"},"condition":{"domainType":"firstParty","initiatorDomains":["com"],"regexFilter":"\\/js\\/\\d{2,3}eka\\d{2,3}\\.js$","resourceTypes":["script"]},"id":1000150,"priority":10},{"action":{"type":"block"},"condition":{"domainType":"firstParty","initiatorDomains":["joysporn.sex"],"regexFilter":"\\/js\\/[a-z]j\\.js$","resourceTypes":["script"]},"id":1000151,"priority":10},{"action":{"type":"block"},"condition":{"domainType":"firstParty","initiatorDomains":["kick.com"],"isUrlFilterCaseSensitive":true,"regexFilter":"^https:\\/\\/kick\\.com\\/[0-9A-z]{16}\\/[0-9A-z]{16}\\?apiKey=","resourceTypes":["script"]},"id":1000153,"priority":10},{"action":{"type":"block"},"condition":{"domainType":"firstParty","initiatorDomains":["mudah.my"],"regexFilter":"^https:\\/\\/mudah\\.my\\/[a-zA-Z0-9]{16}\\/[a-zA-Z0-9]{16}\\?apiKey=","resourceTypes":["script"]},"id":1000154,"priority":10},{"action":{"type":"block"},"condition":{"domainType":"firstParty","initiatorDomains":["bdsmx.tube","bigdick.tube","desiporn.tube","hclips.com","hdzog.com","hdzog.tube","hotmovs.com","inporn.com","porn555.com","shemalez.com","tubepornclassic.com","txxx.com","upornia.com","vjav.com","vxxx.com","youteenporn.net"],"regexFilter":"^https?:\\/\\/.*\\/[a-z]{4,}\\/[a-z]{4,}\\.js","resourceTypes":["script"]},"id":1000157,"priority":10},{"action":{"type":"block"},"condition":{"domainType":"firstParty","initiatorDomains":["imgadult.com","imgdrive.net","imgtaxi.com","imgwallet.com"],"regexFilter":"(?:com|net)\\/[a-z-]{3,10}\\.html$","resourceTypes":["sub_frame"]},"id":1000158,"priority":10},{"action":{"type":"block"},"condition":{"domainType":"thirdParty","regexFilter":"^https?:\\/\\/[0-9a-z]{13,14}\\.cloudfront\\.net\\/\\?[a-z]{3,5}=\\d{6,7}$","resourceTypes":["script","xmlhttprequest"]},"id":1000170,"priority":10},{"action":{"type":"block"},"condition":{"domainType":"thirdParty","regexFilter":"^https:\\/\\/(?:cdn77\\.)?aj[0-9a-z]{2}\\d{2}\\.online\\/[0-9a-z]{8}\\.js$","requestDomains":["online"],"resourceTypes":["script"]},"id":1000176,"priority":10},{"action":{"type":"block"},"condition":{"domainType":"thirdParty","regexFilter":"^https:\\/\\/(?:cdn77\\.)?aj[0-9a-z]{2}\\d{2}\\.bid\\/[0-9a-z]{8}\\.js$","requestDomains":["bid"],"resourceTypes":["script"]},"id":1000177,"priority":10},{"action":{"type":"block"},"condition":{"domainType":"thirdParty","regexFilter":"^https?:\\/\\/[a-z]{6,15}\\.[a-z]{2,3}\\/5\\/\\d{6,7}(?:\\?_=\\d+|\\/\\??)?$","resourceTypes":["script","xmlhttprequest"]},"id":1000180,"priority":10},{"action":{"type":"block"},"condition":{"domainType":"thirdParty","regexFilter":"^https?:\\/\\/[-a-z]{8,15}\\.(?:com|net)\\/400\\/\\d{7}(?:\\?v=\\d+)?$","resourceTypes":["script"]},"id":1000181,"priority":10},{"action":{"type":"block"},"condition":{"domainType":"thirdParty","regexFilter":"^https?:\\/\\/[-a-z]{8,15}\\.(?:com|net)\\/401\\/\\d{7}(?:\\?v=\\d+)?$","resourceTypes":["script"]},"id":1000182,"priority":10},{"action":{"type":"block"},"condition":{"domainType":"thirdParty","regexFilter":"^https?:\\/\\/[a-z]{8,15}\\.(?:com|net)\\/tag\\.min\\.js$","resourceTypes":["script"]},"id":1000183,"priority":10},{"action":{"type":"block"},"condition":{"domainType":"thirdParty","regexFilter":"^https?:\\/\\/[a-z]{6,12}\\.com\\/script\\/n[a-z]su\\.js$","resourceTypes":["script"]},"id":1000184,"priority":10},{"action":{"type":"block"},"condition":{"domainType":"thirdParty","regexFilter":"^https:\\/\\/[a-z]{8}\\.xyz\\/main\\.js$","resourceTypes":["script"]},"id":1000185,"priority":10},{"action":{"type":"block"},"condition":{"domainType":"thirdParty","excludedInitiatorDomains":["edu","gov"],"isUrlFilterCaseSensitive":true,"regexFilter":"^https?:\\/\\/cdn\\.[a-z]{3,8}\\.[a-z]{2,6}\\/app\\.js$","resourceTypes":["script"]},"id":1000186,"priority":10},{"action":{"type":"block"},"condition":{"domainType":"thirdParty","isUrlFilterCaseSensitive":true,"regexFilter":"^https:\\/\\/[a-z]{3,5}\\.[a-z]{10,14}\\.top\\/[a-z]{10,16}\\/[a-z]{5,6}(?:\\?d=\\d)?$","requestDomains":["top"],"resourceTypes":["script","xmlhttprequest"]},"id":1000192,"priority":10},{"action":{"type":"block"},"condition":{"domainType":"thirdParty","isUrlFilterCaseSensitive":true,"regexFilter":"^https:\\/\\/[a-z]{8,12}\\.com\\/en\\/(?:[a-z]{2,5}\\/){0,2}[a-z]{2,}\\?(?:[a-z]+=(?:\\d+|[a-z]+)&)*?id=[12]\\d{6}","requestDomains":["com"],"resourceTypes":["script"]},"id":1000193,"priority":10},{"action":{"type":"block"},"condition":{"domainType":"thirdParty","initiatorDomains":["marketwatch.com","wsj.com"],"isUrlFilterCaseSensitive":true,"regexFilter":"\\.cloudfront\\.net\\/[a-z]{9,12}\\.js$","resourceTypes":["script"]},"id":1000194,"priority":10},{"action":{"type":"block"},"condition":{"domainType":"thirdParty","excludedRequestDomains":["edu","gov"],"isUrlFilterCaseSensitive":true,"regexFilter":"^https:\\/\\/[a-z]+\\.[-a-z0-9]+\\.[a-z]{3,7}\\/[a-z]{2,6}\\.(?:[a-z]{1,8}\\.)?17\\d{8}\\.js\\?(?:revision|sr?c?|ve?r?)=6[a-f0-9]{7}$","resourceTypes":["script"]},"id":1000195,"priority":10},{"action":{"type":"block"},"condition":{"domainType":"thirdParty","excludedRequestDomains":["edu","gov"],"isUrlFilterCaseSensitive":true,"regexFilter":"^https:\\/\\/[a-z]+\\.[-a-z0-9]+\\.[a-z]{3,7}\\/17\\d{8}\\/em\\.js\\?(?:revision|sr?c?|ve?r?)=6[a-f0-9]{7}$","resourceTypes":["script"]},"id":1000196,"priority":10},{"action":{"type":"block"},"condition":{"domainType":"thirdParty","excludedRequestDomains":["edu","gov"],"isUrlFilterCaseSensitive":true,"regexFilter":"^https:\\/\\/[a-z]{7,}\\.[a-z]{3,}\\/get\\/\\?s=[a-zA-Z0-9]+=*$","resourceTypes":["script"]},"id":1000197,"priority":10},{"action":{"type":"block"},"condition":{"domainType":"thirdParty","excludedRequestDomains":["edu","gov"],"isUrlFilterCaseSensitive":true,"regexFilter":"^https:\\/\\/[a-z]{7,}\\.[a-z]{3,}\\/img\\/$","resourceTypes":["script"]},"id":1000198,"priority":10},{"action":{"type":"block"},"condition":{"domainType":"thirdParty","regexFilter":"^https:\\/\\/[a-z]{2}\\.[a-z]{7,14}\\.com\\/r[0-9A-Za-z]{10,16}\\/[A-Za-z]{5}$","resourceTypes":["script"]},"id":1000200,"priority":10},{"action":{"type":"block"},"condition":{"domainType":"thirdParty","initiatorDomains":["123movies.tw","1cloudfile.com","745mingiestblissfully.com","9xupload.asia","adblockeronstape.me","adblockeronstreamtape.me","adblockeronstrtape.xyz","adblockplustape.xyz","adblockstreamtape.art","adblockstreamtape.fr","adblockstreamtape.site","adblocktape.online","adblocktape.store","adblocktape.wiki","advertisertape.com","anonymz.com","antiadtape.com","bowfile.com","clickndownload.click","clicknupload.space","clicknupload.to","cloudvideo.tv","d000d.com","daddylivehd.sx","dailyuploads.net","databasegdriveplayer.xyz","deltabit.co","dlhd.sx","dood.la","dood.li","dood.pm","dood.re","dood.sh","dood.so","dood.to","dood.watch","dood.wf","dood.ws","dood.yt","doods.pro","dooood.com","dramacool.sr","drivebuzz.icu","ds2play.com","embedplayer.site","embedsb.com","embedsito.com","embedstream.me","engvideo.net","enjoy4k.xyz","eplayvid.net","evoload.io","fembed-hd.com","filemoon.sx","files.im","flexy.stream","fmovies.ps","gamovideo.com","gaybeeg.info","gdriveplayer.pro","gettapeads.com","givemenbastreams.com","gogoanimes.org","gomo.to","greaseball6eventual20.com","hdtoday.ru","hexload.com","hexupload.net","imgtraffic.com","kesini.in","kickassanime.mx","kickasstorrents.to","linkhub.icu","lookmyimg.com","luluvdo.com","mangareader.cc","mangareader.to","membed.net","mirrorace.org","mixdroop.co","mixdrop.ag","mixdrop.bz","mixdrop.click","mixdrop.club","mixdrop.nu","mixdrop.ps","mixdrop.si","mixdrop.sx","mixdrop.to","mixdrp.co","movies2watch.tv","mp4upload.com","nelion.me","noblocktape.com","nsw2u.org","olympicstreams.co","onlinevideoconverter.com","ovagames.com","papahd.club","pcgamestorrents.com","pouvideo.cc","proxyer.org","putlocker-website.com","reputationsheriffkennethsand.com","rintor.space","rojadirecta1.site","scloud.online","send.cm","sflix.to","shavetape.cash","skidrowcodex.net","smallencode.me","soccerstreamslive.co","stapadblockuser.art","stapadblockuser.click","stapadblockuser.info","stapadblockuser.xyz","stape.fun","stapewithadblock.beauty","stapewithadblock.monster","stapewithadblock.xyz","strcloud.in","streamadblocker.cc","streamadblocker.com","streamadblocker.store","streamadblocker.xyz","streamingsite.net","streamlare.com","streamnoads.com","streamta.pe","streamta.site","streamtape.cc","streamtape.com","streamtape.to","streamtape.xyz","streamtapeadblock.art","streamtapeadblockuser.art","streamtapeadblockuser.homes","streamtapeadblockuser.monster","streamtapeadblockuser.xyz","strikeout.ws","strtape.cloud","strtape.tech","strtapeadblock.club","strtapeadblocker.xyz","strtapewithadblock.art","strtapewithadblock.xyz","supervideo.cc","supervideo.tv","tapeadsenjoyer.com","tapeadvertisement.com","tapeantiads.com","tapeblocker.com","tapenoads.com","tapewithadblock.com","tapewithadblock.org","thepiratebay0.org","thepiratebay10.xyz","theproxy.ws","thevideome.com","toxitabellaeatrebates306.com","un-block-voe.net","upbam.org","upload-4ever.com","upload.do","uproxy.to","upstream.to","uqload.co","uqload.io","userscloud.com","v-o-e-unblock.com","vidbam.org","vido.lol","vidshar.org","vidsrc.me","vidsrc.stream","vipleague.im","vipleague.st","voe-unblock.net","voe.sx","vudeo.io","vudeo.net","vumoo.to","yesmovies.mn","youtube4kdownloader.com"],"regexFilter":"^https?:\\/\\/[0-9a-z]{5,}\\.com\\/.*","resourceTypes":["script","xmlhttprequest"]},"id":1000203,"priority":10},{"action":{"type":"block"},"condition":{"domainType":"thirdParty","regexFilter":"\\/[0-9a-f]{32}\\/invoke\\.js","resourceTypes":["script"]},"id":1000204,"priority":10},{"action":{"type":"block"},"condition":{"domainType":"thirdParty","initiatorDomains":["deltabit.co","nzbstars.com","papahd.club","vostfree.online"],"regexFilter":"^https?:\\/\\/www\\..*.com\\/[a-z]{1,}\\.js$","resourceTypes":["script"]},"id":1000205,"priority":10},{"action":{"type":"block"},"condition":{"domainType":"thirdParty","excludedInitiatorDomains":["127.0.0.1","bitrix24.life","ccc.ac","jacksonchen666.com","lemmy.world","localhost","scribble.ninja","scribble.website","traineast.co.uk"],"regexFilter":"^https?:\\/\\/[0-9a-z]{5,}\\.(digital|website|life|guru|uno|cfd)\\/[a-z0-9]{6,}\\/","resourceTypes":["script","xmlhttprequest"]},"id":1000206,"priority":10},{"action":{"type":"block"},"condition":{"domainType":"thirdParty","regexFilter":"^https?:\\/\\/cdn\\.[0-9a-z]{3,6}\\.xyz\\/[a-z0-9]{8,}\\.js$","resourceTypes":["script"]},"id":1000207,"priority":10},{"action":{"type":"block"},"condition":{"domainType":"thirdParty","initiatorDomains":["dood.la","dood.pm","dood.sh","dood.so","dood.to","dood.watch","dood.ws"],"regexFilter":"^https?:\\/\\/www\\.[0-9a-z]{8,}\\.com\\/[0-9a-z]{1,4}\\.js$","resourceTypes":["script"]},"id":1000208,"priority":10},{"action":{"type":"block"},"condition":{"domainType":"thirdParty","regexFilter":"^https?:\\/\\/[-a-z]{8,15}\\.(?:com|net)\\/500\\/\\d{7}\\?","resourceTypes":["xmlhttprequest"]},"id":1000213,"priority":10},{"action":{"type":"block"},"condition":{"domainType":"thirdParty","initiatorDomains":["1link.club","2embed.to","apiyoutube.cc","bestmp3converter.com","clicknupload.red","clicknupload.to","daddyhd.com","dood.wf","lulustream.com","mp4upload.com","poscitech.com","sportcast.life","streamhub.to","streamvid.net","tokybook.com","tvshows88.live","uqload.io"],"regexFilter":"^https?:\\/\\/[0-9a-z]{8,}\\.xyz\\/.*","resourceTypes":["xmlhttprequest"]},"id":1000217,"priority":10},{"action":{"type":"block"},"condition":{"domainType":"thirdParty","excludedRequestDomains":["edu","gov"],"isUrlFilterCaseSensitive":true,"regexFilter":"^wss:\\/\\/[^\\/]+\\.[a-z]{2,}\\/(?:common|ws)\\?source=http[^&]+$","resourceTypes":["websocket"]},"id":1000227,"priority":10},{"action":{"type":"allow"},"condition":{"initiatorDomains":["puzzle-aquarium.com","puzzle-battleships.com","puzzle-binairo.com","puzzle-bridges.com","puzzle-chess.com","puzzle-dominosa.com","puzzle-futoshiki.com","puzzle-galaxies.com","puzzle-heyawake.com","puzzle-hitori.com","puzzle-jigsaw-sudoku.com","puzzle-kakurasu.com","puzzle-kakuro.com","puzzle-killer-sudoku.com","puzzle-light-up.com","puzzle-lits.com","puzzle-loop.com","puzzle-masyu.com","puzzle-minesweeper.com","puzzle-nonograms.com","puzzle-norinori.com","puzzle-nurikabe.com","puzzle-pipes.com","puzzle-shakashaka.com","puzzle-shikaku.com","puzzle-shingoki.com","puzzle-skyscrapers.com","puzzle-slant.com","puzzle-star-battle.com","puzzle-stitches.com","puzzle-sudoku.com","puzzle-tapa.com","puzzle-tents.com","puzzle-thermometers.com","puzzle-words.com"],"regexFilter":"^https:\\/\\/www\\.puzzle-[a-z]+\\.com\\/","resourceTypes":["script"]},"id":1000228,"priority":30},{"action":{"type":"allow"},"condition":{"initiatorDomains":["filiser.eu"],"regexFilter":"^https:\\/\\/i\\.imgur\\.com\\/(?:Nb8hauQ|qgn2xUN|asEQRCN|ppLF03C|gSh2lrT|zUniMdp|7gscsmm|vh8L243|MYyC34P)\\.mp4","resourceTypes":["media"]},"id":1000229,"priority":30},{"action":{"type":"block"},"condition":{"excludedRequestDomains":["usps.com"],"regexFilter":"^https:\\/\\/[a-z]\\.[a-z]{10,}\\.top\\/l(?:\\/|$)","requestDomains":["top"],"resourceTypes":["main_frame"]},"id":1000230,"priority":10},{"action":{"type":"allow"},"condition":{"domainType":"thirdParty","initiatorDomains":["maxlinks.online","maxstream.video","maxstreams.site","uprot.net"],"regexFilter":"^https:\\/\\/ads\\.host-cdn\\.net\\/\\w+\\.js\\?\\w+$","requestDomains":["ads.host-cdn.net"],"resourceTypes":["script"]},"id":1000231,"priority":30},{"action":{"type":"block"},"condition":{"excludedRequestDomains":["edu","gov"],"isUrlFilterCaseSensitive":true,"regexFilter":"^https:\\/\\/xai\\w+(?:\\.\\w+)?\\.[a-z]{3,}\\/presale\\b","resourceTypes":["main_frame"]},"id":1000232,"priority":10},{"action":{"type":"block"},"condition":{"excludedRequestDomains":["usps.com"],"regexFilter":"^https:\\/\\/[a-z]\\.[a-z]{10,}\\.top\\/us(?:\\/|$)","requestDomains":["top"],"resourceTypes":["main_frame"]},"id":1000233,"priority":10}]