[
{"action":{"redirect":{"extensionPath":"/web_accessible_resources/2x2.png"},"type":"redirect"},"condition":{"initiatorDomains":["calcalist.co.il","mako.co.il","walla.co.il","yad2.co.il","ynet.co.il"],"resourceTypes":["image"],"urlFilter":"||ad.doubleclick.net/favicon.ico?ad="},"id":1,"priority":41},
{"action":{"redirect":{"extensionPath":"/web_accessible_resources/noop.js"},"type":"redirect"},"condition":{"initiatorDomains":["calcalist.co.il","mako.co.il","sport5.co.il","walla.co.il","yad2.co.il","ynet.co.il"],"resourceTypes":["script"],"urlFilter":"||googlesyndication.com/pagead/js/adsbygoogle.js"},"id":2,"priority":50},
{"action":{"redirect":{"extensionPath":"/web_accessible_resources/noop.js"},"type":"redirect"},"condition":{"initiatorDomains":["walla.co.il"],"resourceTypes":["script"],"urlFilter":"||walla.co.il/dist/scripts/ads/global-targeting.js"},"id":3,"priority":11},
{"action":{"redirect":{"extensionPath":"/web_accessible_resources/noop.js"},"type":"redirect"},"condition":{"initiatorDomains":["yad2.co.il"],"resourceTypes":["script"],"urlFilter":"||yad2.co.il/js-new/showads.js"},"id":4,"priority":11},
{"action":{"redirect":{"extensionPath":"/web_accessible_resources/noop.js"},"type":"redirect"},"condition":{"initiatorDomains":["mako.co.il","sport5.co.il"],"resourceTypes":["xmlhttprequest"],"urlFilter":"||googlesyndication.com/pagead/js/adsbygoogle.js"},"id":5,"priority":41},
{"action":{"redirect":{"extensionPath":"/web_accessible_resources/noop.txt"},"type":"redirect"},"condition":{"initiatorDomains":["jmusic.me"],"resourceTypes":["xmlhttprequest"],"urlFilter":"||pagead2.googlesyndication.com/pagead/js/adsbygoogle.js"},"id":6,"priority":11},
{"action":{"redirect":{"extensionPath":"/web_accessible_resources/noop-1s.mp4"},"type":"redirect"},"condition":{"resourceTypes":["media"],"urlFilter":"||kipa.co.il/userfiles/moodaot/*.mp4"},"id":7,"priority":11},
{"action":{"redirect":{"extensionPath":"/web_accessible_resources/noop-1s.mp4"},"type":"redirect"},"condition":{"resourceTypes":["media"],"urlFilter":"||moodaot.kipa.co.il^*/*.mp4"},"id":8,"priority":11},
{"action":{"redirect":{"extensionPath":"/web_accessible_resources/noop-1s.mp4"},"type":"redirect"},"condition":{"resourceTypes":["media"],"urlFilter":"||jdn.co.il/wp-content/banners/bankleumi/"},"id":9,"priority":11},
{"action":{"redirect":{"extensionPath":"/web_accessible_resources/noop-1s.mp4"},"type":"redirect"},"condition":{"resourceTypes":["media"],"urlFilter":"||jdn.co.il/wp-content/uploads/video/yugort.mp4"},"id":10,"priority":11},
{"action":{"redirect":{"extensionPath":"/web_accessible_resources/noop-1s.mp4"},"type":"redirect"},"condition":{"resourceTypes":["media"],"urlFilter":"||ch10.co.il/wp-content/uploads/2021/*/*.mp4"},"id":11,"priority":11},
{"action":{"redirect":{"extensionPath":"/web_accessible_resources/noop.js"},"type":"redirect"},"condition":{"domainType":"firstParty","resourceTypes":["script"],"urlFilter":"||xads.zedo.com/ads2/c?*.one.co.il/"},"id":12,"priority":41},
{"action":{"redirect":{"extensionPath":"/web_accessible_resources/noop-1s.mp4"},"type":"redirect"},"condition":{"resourceTypes":["media"],"urlFilter":"||hidabroot.wizzo.stream/storage/2024/*/*/original.mp4|"},"id":13,"priority":11}
]
