[
{
 "action": {
  "redirect": {
   "extensionPath": "/web_accessible_resources/google-ima.js"
  },
  "type": "redirect"
 },
 "condition": {
  "initiatorDomains": [
   "a1.ro",
   "antena3.ro",
   "antenastars.ro",
   "as.ro",
   "divahair.ro",
   "evz.ro",
   "jurnalul.ro",
   "observator.tv",
   "observatornews.ro",
   "qbebe.ro",
   "spynews.ro",
   "zutv.ro"
  ],
  "resourceTypes": [
   "script"
  ],
  "urlFilter": "||imasdk.googleapis.com/js/sdkloader/ima3.js"
 },
 "id": 1,
 "priority": 41
},
{
 "action": {
  "redirect": {
   "extensionPath": "/web_accessible_resources/google-ima.js"
  },
  "type": "redirect"
 },
 "condition": {
  "initiatorDomains": [
   "stiripesurse.ro"
  ],
  "resourceTypes": [
   "script"
  ],
  "urlFilter": "||imasdk.googleapis.com/js/sdkloader/ima3.js"
 },
 "id": 2,
 "priority": 11
}
]
