[
{"action":{"redirect":{"extensionPath":"/web_accessible_resources/32x32.png"},"type":"redirect"},"condition":{"resourceTypes":["image"],"urlFilter":"||clustrmaps.com/counter/"},"id":1,"priority":11},
{"action":{"redirect":{"extensionPath":"/web_accessible_resources/1x1.gif"},"type":"redirect"},"condition":{"resourceTypes":["image"],"urlFilter":"||mc.admetrica.ru/sync_cookie_image_check"},"id":2,"priority":11},
{"action":{"redirect":{"extensionPath":"/web_accessible_resources/empty"},"type":"redirect"},"condition":{"resourceTypes":["image","script","xmlhttprequest"],"urlFilter":"||ad.mail.ru/"},"id":3,"priority":11},
{"action":{"redirect":{"extensionPath":"/web_accessible_resources/1x1.gif"},"type":"redirect"},"condition":{"initiatorDomains":["mail.ru","sportmail.ru"],"resourceTypes":["image"],"urlFilter":"||ru/count/"},"id":4,"priority":41},
{"action":{"redirect":{"extensionPath":"/web_accessible_resources/noop.js"},"type":"redirect"},"condition":{"requestDomains":["adbutton.net"],"resourceTypes":["script"]},"id":5,"priority":11},
{"action":{"redirect":{"extensionPath":"/web_accessible_resources/noop.js"},"type":"redirect"},"condition":{"resourceTypes":["script"],"urlFilter":"||dominantroute.com/bens/vinos.js"},"id":6,"priority":11},
{"action":{"redirect":{"extensionPath":"/web_accessible_resources/noop.js"},"type":"redirect"},"condition":{"resourceTypes":["script"],"urlFilter":"||franecki.net/js/lib.js"},"id":7,"priority":41},
{"action":{"redirect":{"extensionPath":"/web_accessible_resources/noop.js"},"type":"redirect"},"condition":{"requestDomains":["loadercdn.com"],"resourceTypes":["script"]},"id":8,"priority":41},
{"action":{"redirect":{"extensionPath":"/web_accessible_resources/noeval-silent.js"},"type":"redirect"},"condition":{"initiatorDomains":["yandex.ru","yastatic.net"],"resourceTypes":["script"],"urlFilter":"||strm.yandex.ru/get/"},"id":9,"priority":11},
{"action":{"redirect":{"extensionPath":"/web_accessible_resources/noop.js"},"type":"redirect"},"condition":{"initiatorDomains":["tragtorr.in","tragtorr.info"],"resourceTypes":["script"],"urlFilter":"||yandex.ru/ads/system/context.js"},"id":10,"priority":11},
{"action":{"redirect":{"extensionPath":"/web_accessible_resources/empty"},"type":"redirect"},"condition":{"resourceTypes":["script"],"urlFilter":"||r.mradx.net/img/*.js|"},"id":11,"priority":11},
{"action":{"redirect":{"extensionPath":"/web_accessible_resources/noop.txt"},"type":"redirect"},"condition":{"resourceTypes":["xmlhttprequest"],"urlFilter":"||v*.plrjs.org/*.xml|"},"id":12,"priority":41},
{"action":{"redirect":{"extensionPath":"/web_accessible_resources/noop-vast3.xml"},"type":"redirect"},"condition":{"resourceTypes":["xmlhttprequest"],"urlFilter":"||v*.plrjs.org/*.xml"},"id":13,"priority":41},
{"action":{"redirect":{"extensionPath":"/web_accessible_resources/noop.html"},"type":"redirect"},"condition":{"initiatorDomains":["pronpic.org"],"requestDomains":["pronpic.org"],"resourceTypes":["sub_frame"]},"id":14,"priority":11},
{"action":{"redirect":{"extensionPath":"/web_accessible_resources/noop-0.1s.mp3"},"type":"redirect"},"condition":{"initiatorDomains":["player-films.online"],"resourceTypes":["media"],"urlFilter":"||s-cdn.org/promo/*.mp4"},"id":15,"priority":11},
{"action":{"redirect":{"extensionPath":"/web_accessible_resources/noop-0.1s.mp3"},"type":"redirect"},"condition":{"initiatorDomains":["player-films.online"],"resourceTypes":["media"],"urlFilter":"||s-club.tv/promo/*.mp4"},"id":16,"priority":11},
{"action":{"redirect":{"extensionPath":"/web_accessible_resources/empty"},"type":"redirect"},"condition":{"initiatorDomains":["1tv.ru","karaoke.ru","mediavitrina.ru","yastatic.net"],"requestDomains":["strm.yandex.ru"],"resourceTypes":["media"]},"id":17,"priority":11},
{"action":{"redirect":{"extensionPath":"/web_accessible_resources/noop-0.1s.mp3"},"type":"redirect"},"condition":{"resourceTypes":["media"],"urlFilter":"||ts.kg/olol*.mp4"},"id":18,"priority":11}
]
