[
{"action":{"redirect":{"extensionPath":"/web_accessible_resources/1x1.gif"},"type":"redirect"},"condition":{"resourceTypes":["image"],"urlFilter":"||hdfilmcehennemi.life/red3.jpg"},"id":1,"priority":11},
{"action":{"redirect":{"extensionPath":"/web_accessible_resources/google-ima.js"},"type":"redirect"},"condition":{"initiatorDomains":["puhutv.com","tabii.com","tv8bucuk.com"],"resourceTypes":["script"],"urlFilter":"||imasdk.googleapis.com/js/sdkloader/ima3.js"},"id":2,"priority":11},
{"action":{"redirect":{"extensionPath":"/web_accessible_resources/googlesyndication_adsbygoogle.js"},"type":"redirect"},"condition":{"initiatorDomains":["puhutv.com","turkishairforce.org"],"resourceTypes":["script","xmlhttprequest"],"urlFilter":"||pagead2.googlesyndication.com/pagead/js/adsbygoogle.js"},"id":3,"priority":11},
{"action":{"redirect":{"extensionPath":"/web_accessible_resources/noop.js"},"type":"redirect"},"condition":{"initiatorDomains":["gsmturkey.net","hacoos.com"],"resourceTypes":["script"],"urlFilter":"||pagead2.googlesyndication.com/pagead/js/adsbygoogle.js"},"id":4,"priority":11},
{"action":{"redirect":{"extensionPath":"/web_accessible_resources/noop.js"},"type":"redirect"},"condition":{"initiatorDomains":["vidtekno.com"],"resourceTypes":["script"],"urlFilter":"||pagead2.googlesyndication.com/pagead/js/adsbygoogle.js"},"id":5,"priority":41},
{"action":{"redirect":{"extensionPath":"/web_accessible_resources/noop.js"},"type":"redirect"},"condition":{"initiatorDomains":["kanalmaras.com"],"resourceTypes":["script","xmlhttprequest"],"urlFilter":"||pagead2.googlesyndication.com/pagead/js/adsbygoogle.js"},"id":6,"priority":11},
{"action":{"redirect":{"extensionPath":"/web_accessible_resources/noop.js"},"type":"redirect"},"condition":{"initiatorDomains":["cdnegg.xyz"],"requestDomains":["d3g5ovfngjw9bw.cloudfront.net"],"resourceTypes":["script"]},"id":7,"priority":11},
{"action":{"redirect":{"extensionPath":"/web_accessible_resources/googletagservices_gpt.js"},"type":"redirect"},"condition":{"initiatorDomains":["eksisozluk.com"],"resourceTypes":["script"],"urlFilter":"||securepubads.g.doubleclick.net/tag/js/gpt.js"},"id":8,"priority":11},
{"action":{"redirect":{"extensionPath":"/web_accessible_resources/noop.js"},"type":"redirect"},"condition":{"initiatorDomains":["alemfm.com"],"resourceTypes":["script"],"urlFilter":"||imasdk.googleapis.com/js/sdkloader/ima3.js"},"id":9,"priority":11},
{"action":{"redirect":{"extensionPath":"/web_accessible_resources/noop.txt"},"type":"redirect"},"condition":{"resourceTypes":["xmlhttprequest"],"urlFilter":"||tmgrup.com.tr/videojs/adblockdetect.js"},"id":10,"priority":41},
{"action":{"redirect":{"extensionPath":"/web_accessible_resources/noop.txt"},"type":"redirect"},"condition":{"initiatorDomains":["bolugundem.com","gidahatti.com","mardinhaber.com.tr"],"resourceTypes":["xmlhttprequest"],"urlFilter":"/service/advertchannels?"},"id":11,"priority":11},
{"action":{"redirect":{"extensionPath":"/web_accessible_resources/noop-vmap1.xml"},"type":"redirect"},"condition":{"resourceTypes":["xmlhttprequest"],"urlFilter":"||nowtv.com.tr/vmap?*&player_skin=getir"},"id":12,"priority":11},
{"action":{"redirect":{"extensionPath":"/web_accessible_resources/noop-1s.mp4"},"type":"redirect"},"condition":{"resourceTypes":["media"],"urlFilter":"||cdn-dfj.pages.dev/video.mp4"},"id":13,"priority":11},
{"action":{"redirect":{"extensionPath":"/web_accessible_resources/noop-1s.mp4"},"type":"redirect"},"condition":{"resourceTypes":["media"],"urlFilter":"||dizihot.com/img/hititbet_*.mp4"},"id":14,"priority":11},
{"action":{"redirect":{"extensionPath":"/web_accessible_resources/noop-1s.mp4"},"type":"redirect"},"condition":{"resourceTypes":["media"],"urlFilter":"||koredizileri.pw/img/hititbet_*.mp4"},"id":15,"priority":11},
{"action":{"redirect":{"extensionPath":"/web_accessible_resources/noop-1s.mp4"},"type":"redirect"},"condition":{"resourceTypes":["media"],"urlFilter":"||bizlergeldikk.babalargeldii1.workers.dev/*/betmatik.mp4"},"id":16,"priority":11},
{"action":{"redirect":{"extensionPath":"/web_accessible_resources/noop-1s.mp4"},"type":"redirect"},"condition":{"initiatorDomains":["kultfilmler.com"],"resourceTypes":["media"],"urlFilter":".mp4"},"id":17,"priority":11},
{"action":{"redirect":{"extensionPath":"/web_accessible_resources/noop-0.1s.mp3"},"type":"redirect"},"condition":{"resourceTypes":["media"],"urlFilter":"||webteizle*.info/i/vid-onu-*.mp4"},"id":18,"priority":11},
{"action":{"redirect":{"extensionPath":"/web_accessible_resources/noop-1s.mp4"},"type":"redirect"},"condition":{"initiatorDomains":["if.strmrdrfronf.click","ifra.strmrdrfronf.click"],"resourceTypes":["media"],"urlFilter":"||video.twimg.com/ext_tw_video/*/pu/*/*.m4s"},"id":19,"priority":11},
{"action":{"redirect":{"extensionPath":"/web_accessible_resources/noop-1s.mp4"},"type":"redirect"},"condition":{"resourceTypes":["media"],"urlFilter":"||filmmodu*.com/uploads/"},"id":20,"priority":11},
{"action":{"redirect":{"extensionPath":"/web_accessible_resources/noop-1s.mp4"},"type":"redirect"},"condition":{"domainType":"thirdParty","requestDomains":["hops1s.site"],"resourceTypes":["media"]},"id":21,"priority":11}
]
